car,price
广汽传祺,7.38-11.58万
广汽传祺,10.88-16.88万
广汽传祺,14.98-25.98万
广汽传祺,7.38-11.38万
广汽传祺,8.98-15.18万
广汽传祺,
广汽传祺,10.98-16.98万
广汽传祺,14.98-20.98万
广汽传祺,16.68-26.28万
广汽传祺,10.98-15.98万
广汽传祺,17.68-26.48万
广汽传祺,
广汽传祺,
广汽传祺,
广汽传祺,
广汽传祺,
广汽传祺,
广汽传祺,
广汽传祺,
广汽传祺,
广汽传祺,
广汽传祺,
广汽传祺,
广汽传祺,
广汽传祺,
广汽传祺,
广汽传祺,
广汽传祺,
广汽传祺,
广汽传祺,
广汽传祺,
广汽传祺,
广汽传祺,
广汽集团,19.68-20.68万
广汽集团,
广汽集团,16.98-19.28万
广汽集团,21.48-22.48万
广汽集团,12.98-23.05万
广汽集团,20.98-21.98万
广汽集团,
广汽新能源,13.98-20.58万
广汽新能源,15.48-18.08万
广汽新能源,24.96-34.96万
广汽新能源,
广汽新能源,
广汽新能源,
广汽新能源,
广汽新能源,
广汽新能源,
广汽新能源,
广汽新能源,
观致,9.89-15.39万
观致,13.88-19.49万
观致,
观致,
观致,
观致,
观致,
观致,
观致,
观致,
观致,
观致,
观致,
GMC,155.00-238.00万
GMC,143.00-218.00万
GMC,62.80-76.80万
GMC,
GMC,
GMC,
GMC,
GMC,
GMC,
国机智骏,6.88-8.38万
国机智骏,6.58-8.18万
国机智骏,11.58-13.98万
国机智骏,
国金汽车,22.98-24.98万
广汽吉奥,2.59-2.98万
广汽吉奥,3.68-4.58万
广汽吉奥,3.29-3.48万
广汽吉奥,2.99-3.18万
广汽吉奥,3.09-3.28万
广汽吉奥,
广汽吉奥,5.29-5.98万
广汽吉奥,5.79-6.18万
广汽吉奥,6.29-8.88万
广汽吉奥,8.88-11.28万
广汽吉奥,
广汽吉奥,
广汽吉奥,
广汽吉奥,
广汽吉奥,
广汽吉奥,
广汽吉奥,
广汽吉奥,
广汽吉奥,
广汽吉奥,
广汽吉奥,
广汽吉奥,
广汽吉奥,
广汽吉奥,
广汽吉奥,
GAZ,
GFG Style,
Ginetta,
GLM,
GTA,
Gumpert,
Gumpert,
Gumpert,
GYON,
高合HiPhi,
格罗夫,
格罗夫,
长安,4.09-5.69万
长安,4.98-8.18万
长安,4.99-6.79万
长安,7.19-10.39万
长安,5.29-8.09万
长安,
长安,13.29-14.29万
谷歌,
光冈,
光冈,
光冈,
光冈,
奥迪,
长安,7.79-11.19万
长安,12.99-13.99万
长安,9.49-12.89万
长安,12.08-15.08万
长安,
长安,8.49-13.59万
长安,5.59-8.09万
长安,8.98-9.88万
长安,6.39-8.79万
长安,6.99-10.99万
长安,
长安,10.69-12.69万
长安,8.29-13.39万
长安,9.19-11.49万
长安,9.48-15.48万
长安,17.58-20.68万
长安,
长安,10.69-15.49万
长安,11.99-16.99万
长安,16.59-21.39万
长安,6.79-11.09万
长安,
长安,
长安,
长安,
长安,
长安,
长安,
长安,
长安,
长安,
长安,
长安,
长安,
长安,
长安,
哈弗,7.49-9.59万
Icona,
Icona,
Inferno,
Italdesign,
Italdesign,
奥迪,18.86-25.27万
奥迪,28.68-40.18万
奥迪,40.98-65.08万
奥迪,21.77-26.85万
奥迪,
奥迪,22.68-23.73万
奥迪,27.18-35.98万
奥迪,38.28-49.80万
奥迪,
奥迪,
奥迪,
奥迪,
奥迪,
奥迪,51.38-51.38万
奥迪,82.28-82.28万
奥迪,86.98-86.98万
奥迪,135.78-135.78万
奥迪,153.98-153.98万
奥迪,
奥迪,195.28-229.98万
奥迪,76.98-76.98万
奥迪,
奥迪,
奥迪,
奥迪,
奥迪,33.58-33.58万
奥迪,36.38-36.38万
奥迪,34.18-42.78万
丰田,6.88-10.58万
长安,
长安,
长安,
长安,
长安,
长安,
长安欧尚,8.88-10.08万
长安欧尚,10.58-10.58万
长安欧尚,5.99-7.69万
长安欧尚,6.99-8.29万
长安欧尚,7.77-11.77万
长安欧尚,
长安欧尚,4.99-8.59万
长安欧尚,5.99-10.99万
长安欧尚,8.68-15.48万
长安欧尚,4.99-8.49万
长安欧尚,14.98-15.49万
长安欧尚,
长安欧尚,6.29-10.09万
长安欧尚,7.98-16.08万
长安欧尚,6.89-8.29万
长安欧尚,16.98-16.98万
长安欧尚,3.99-5.59万
长安欧尚,
哈弗,7.00-8.50万
哈弗,10.00-13.00万
哈弗,10.90-15.37万
哈弗,11.99-15.49万
哈弗,
哈弗,7.39-11.50万
哈弗,10.78-13.68万
哈弗,10.30-14.10万
哈弗,7.99-11.90万
哈弗,6.60-8.20万
哈弗,
哈弗,14.20-18.00万
哈弗,20.98-27.28万
哈弗,
哈弗,
哈弗,
哈弗,
哈弗,
哈弗,
哈弗,
哈弗,
哈弗,
大众,9.99-12.39万
奥迪,37.18-56.38万
奥迪,
奥迪,45.98-45.98万
奥迪,62.28-69.88万
奥迪,90.58-90.58万
奥迪,57.38-85.98万
奥迪,123.08-123.08万
奥迪,
奥迪,83.88-114.88万
奥迪,69.28-82.86万
奥迪,68.38-96.28万
奥迪,79.08-79.08万
奥迪,76.88-109.76万
奥迪,
奥迪,45.38-53.28万
奥迪,59.78-63.48万
奥迪,
奥迪,
奥迪,
奥迪,
奥迪,
奥迪,
奥迪,
奥迪,
奥迪,
奥迪,
奥迪,
奥迪,
奥迪,
丰田,6.88-10.38万
丰田,11.58-15.28万
丰田,20.38-21.88万
丰田,17.98-27.98万
丰田,
丰田,14.18-18.08万
丰田,23.98-32.58万
丰田,
丰田,
丰田,
丰田,
丰田,
丰田,6.88-11.18万
丰田,6.88-10.78万
丰田,11.98-15.98万
丰田,20.78-23.08万
丰田,19.98-28.98万
丰田,
丰田,25.08-37.48万
丰田,14.68-17.48万
丰田,17.48-26.48万
丰田,43.58-60.48万
丰田,38.25-55.68万
丰田,
丰田,
丰田,
丰田,
丰田,
丰田,
丰田,
丰田,
丰田,77.20-85.60万
丰田,80.50-85.60万
丰田,27.78-28.78万
丰田,36.38-61.00万
丰田,42.00-42.40万
丰田,
丰田,
丰田,
丰田,
丰田,
丰田,
丰田,
长安欧尚,
长安欧尚,
长安欧尚,
长城,
长城,15.00-15.40万
长城,6.88-11.28万
长城,8.68-11.78万
长城,8.68-13.88万
长城,
长城,9.78-15.98万
长城,
长城,
长城,
长城,
长城,
长城,
长城,
长城,
长城,
长城,
长城,
长城,
长城,
长城,
长城,
长城,
长城,
长城,
长城,
长城,
长城,
长城,
长安跨越,3.38-3.38万
长安跨越,4.28-4.66万
长安跨越,4.85-5.35万
长安跨越,3.54-4.14万
哈弗,
哈弗,
哈弗,
哈弗,
哈弗,
红旗,
红旗,14.68-19.08万
红旗,25.28-31.78万
红旗,22.58-26.58万
红旗,18.38-24.98万
红旗,
红旗,34.98-45.98万
红旗,
红旗,
红旗,
红旗,
红旗,
红旗,
红旗,
红旗,
红旗,
红旗,
红旗,
红旗,
红旗,
红旗,
红旗,
红旗,
红旗,
红旗,
红旗,
红旗,
红旗,
海马,5.98-12.38万
海马,15.78-16.38万
海马,4.99-6.99万
海马,6.98-10.28万
海马,5.98-9.08万
海马,
海马,7.99-12.59万
讴歌,27.98-37.98万
讴歌,22.98-34.98万
讴歌,32.80-43.80万
讴歌,69.80-84.80万
讴歌,289.00-289.00万
讴歌,
讴歌,
讴歌,
讴歌,
讴歌,
讴歌,
讴歌,
讴歌,
讴歌,
讴歌,
讴歌,
讴歌,
讴歌,
讴歌,
欧拉,6.98-7.98万
欧拉,11.48-12.48万
纳智捷,8.58-11.98万
纳智捷,5.98-9.68万
纳智捷,7.58-9.98万
纳智捷,14.36-15.56万
纳智捷,12.98-16.98万
纳智捷,
纳智捷,16.98-25.98万
纳智捷,
纳智捷,
纳智捷,
纳智捷,
纳智捷,
纳智捷,
纳智捷,
纳智捷,
哪吒汽车,
哪吒汽车,6.68-13.98万
哪吒汽车,
哪吒汽车,
哪吒汽车,
哪吒汽车,
哪吒汽车,
nanoFLOWCELL,
nanoFLOWCELL,
nanoFLOWCELL,
Neuron EV,
NEVS国能汽车,
NEVS国能汽车,
Noble,
Noble,
Noble,
Noble,
大众,8.69-11.59万
大众,9.99-16.19万
大众,14.89-14.89万
大众,14.29-19.69万
大众,
大众,18.49-28.29万
大众,24.39-28.69万
大众,34.00-63.90万
大众,12.79-15.99万
大众,16.58-22.38万
大众,
大众,21.88-35.08万
大众,31.58-32.58万
大众,30.09-50.59万
大众,31.69-48.89万
大众,15.18-19.48万
大众,
大众,19.48-23.18万
大众,
大众,
大众,
大众,
大众,
大众,
大众,
大众,
大众,
大众,
大众,9.88-15.60万
大众,11.92-23.42万
大众,12.89-19.19万
大众,11.39-15.89万
大众,13.68-14.68万
大众,
大众,14.77-16.88万
大众,12.88-19.28万
大众,18.61-30.99万
奥迪,
奥迪,
奥迪,
奥迪,
奥迪,
奥迪,
奥迪,
奥迪,
奥迪,
奥迪,
奥迪,
奥迪,
奥迪,
奥迪,
奥迪,
奥迪,
奥迪,
奥迪,
奥迪,
奥迪,
奥迪,
奥迪,
奥迪,
奥迪,
奥迪,
奥迪,
奥迪,
奥迪,
奥迪,
奥迪,
奥迪,
奥迪,
奥迪,
奥迪,
奥迪,
奥迪,
奥迪,
阿尔法·罗密欧,37.98-125.98万
凯迪拉克,27.38-42.88万
凯迪拉克,27.97-33.97万
凯迪拉克,37.97-69.90万
凯迪拉克,29.99-35.29万
吉利汽车,4.79-6.59万
丰田,
丰田,
丰田,
丰田,
丰田,
丰田,
丰田,
丰田,
丰田,
丰田,
丰田,
丰田,
丰田,
丰田,
丰田,
丰田,
丰田,
丰田,
丰田,
丰田,
丰田,
丰田,
丰田,
丰田,
丰田,
丰田,
丰田,
丰田,
丰田,
丰田,
长安跨越,4.13-4.97万
长安轻型车,4.78-4.88万
长安轻型车,3.49-4.94万
长安轻型车,
长安轻型车,
长安轻型车,
长安轻型车,
长安轻型车,
长安轻型车,
长安轻型车,
长安轻型车,
长安轻型车,6.68-6.98万
长安轻型车,4.89-7.79万
长安轻型车,6.19-7.89万
长安轻型车,5.19-6.19万
长安轻型车,3.09-3.36万
长安轻型车,
长安轻型车,3.99-4.79万
长安轻型车,3.99-4.84万
长安轻型车,3.59-5.97万
长安轻型车,11.80-12.00万
长安轻型车,6.05-7.40万
长安轻型车,
海马,6.98-10.98万
海马,
海马,
海马,
海马,
海马,
海马,
海马,
海马,
海马,
海马,6.88-9.28万
海马,5.98-9.28万
海马,9.88-12.68万
海马,7.98-11.98万
海马,
海马,
海马,
海马,
海马,
海马,
海马,
海马,
海马,
海马,
海马,
海马,
海马,
海马,
欧拉,
欧拉,
欧宝,
欧宝,
欧宝,
欧宝,
欧宝,
欧宝,
欧宝,
欧宝,
欧宝,
欧宝,
欧宝,
欧宝,
欧宝,
欧宝,
欧宝,
欧宝,
欧宝,
欧宝,
欧宝,
欧宝,
欧宝,
欧宝,
欧宝,
欧宝,
欧宝,
欧宝,
欧宝,
帕加尼,2900.00-2900.00万
帕加尼,
Polestar极星,29.80-41.80万
Polestar极星,145.00-145.00万
Piëch Automotive,
Puritalia,
佩奇奥,
佩奇奥,
佩奇奥,
马自达,11.29-16.89万
大众,25.39-26.89万
大众,24.68-30.18万
大众,
大众,11.49-15.99万
大众,13.58-20.38万
大众,18.59-31.39万
大众,7.98-10.68万
大众,
大众,
大众,
大众,
大众,
大众,
大众,17.88-25.58万
大众,20.98-37.28万
大众,24.08-24.08万
大众,24.38-39.28万
大众,30.18-30.18万
大众,
大众,23.98-35.08万
大众,56.98-81.98万
大众,24.68-29.68万
大众,38.20-51.95万
大众,35.50-38.20万
大众,
大众,
大众,
大众,
大众,
大众,
大众,
大众,
大众,
大众,
大众,
阿尔法·罗密欧,45.68-127.98万
阿尔法·罗密欧,
阿尔法·罗密欧,
阿尔法·罗密欧,
阿尔法·罗密欧,
阿尔法·罗密欧,
阿尔法·罗密欧,
阿尔法·罗密欧,
阿尔法·罗密欧,
阿尔法·罗密欧,
阿尔法·罗密欧,
阿尔法·罗密欧,
阿尔法·罗密欧,
阿尔法·罗密欧,
阿尔法·罗密欧,
阿尔法·罗密欧,
阿尔法·罗密欧,
阿尔法·罗密欧,
阿尔法·罗密欧,
阿斯顿·马丁,237.80-237.80万
阿斯顿·马丁,181.80-259.80万
阿斯顿·马丁,399.80-409.80万
阿斯顿·马丁,220.80-298.80万
阿斯顿·马丁,366.80-500.70万
阿斯顿·马丁,
阿斯顿·马丁,
阿斯顿·马丁,
阿斯顿·马丁,
阿斯顿·马丁,
阿斯顿·马丁,
阿斯顿·马丁,
阿斯顿·马丁,
阿斯顿·马丁,
阿斯顿·马丁,
阿斯顿·马丁,
阿斯顿·马丁,
阿斯顿·马丁,
阿斯顿·马丁,
阿斯顿·马丁,
阿斯顿·马丁,
阿斯顿·马丁,
阿斯顿·马丁,
阿斯顿·马丁,
阿斯顿·马丁,
阿斯顿·马丁,
阿斯顿·马丁,
阿斯顿·马丁,
爱驰,19.79-29.21万
爱驰,
爱驰,
ALPINA,109.80-109.80万
ALPINA,
ALPINA,
ALPINA,
ALPINA,
ABT,
凯迪拉克,25.97-39.17万
凯迪拉克,
凯迪拉克,32.97-46.97万
凯迪拉克,41.97-54.97万
凯迪拉克,
凯迪拉克,
凯迪拉克,
凯迪拉克,148.80-148.80万
凯迪拉克,
凯迪拉克,
凯迪拉克,
凯迪拉克,
凯迪拉克,
凯迪拉克,
凯迪拉克,
凯迪拉克,
凯迪拉克,
凯迪拉克,
凯迪拉克,
凯迪拉克,
凯迪拉克,
凯迪拉克,
凯迪拉克,
凯迪拉克,
凯迪拉克,
凯迪拉克,
凯迪拉克,
凯迪拉克,
凯迪拉克,
凯迪拉克,
凯迪拉克,
凯迪拉克,
凯迪拉克,
凯迪拉克,
凯迪拉克,
凯迪拉克,
凯迪拉克,
凯迪拉克,
克莱斯勒,
克莱斯勒,
克莱斯勒,
克莱斯勒,39.99-49.19万
克莱斯勒,49.69-49.69万
吉利汽车,7.58-11.08万
吉利汽车,6.98-9.88万
吉利汽车,7.88-12.18万
吉利汽车,15.28-16.48万
吉利汽车,
吉利汽车,13.58-18.58万
吉利汽车,4.79-7.39万
吉利汽车,13.68-17.98万
吉利汽车,18.18-20.98万
吉利汽车,7.98-12.98万
吉利汽车,
吉利汽车,14.98-16.98万
吉利汽车,3.99-5.79万
吉利汽车,5.09-6.89万
吉利汽车,8.88-15.68万
吉利汽车,7.78-11.68万
吉利汽车,
吉利汽车,10.98-15.98万
吉利汽车,13.20-13.20万
吉利汽车,13.58-19.58万
吉利汽车,18.88-21.68万
吉利汽车,5.99-9.49万
吉利汽车,
吉利汽车,6.89-10.59万
丰田,
丰田,
丰田,
丰田,
丰田,
丰田,
丰田,
丰田,
丰田,
丰田,
丰田,
丰田,
丰田,
丰田,
丰田,
丰田,
丰田,
丰田,
丰田,
丰田,
丰田,
丰田,
丰田,
丰田,
丰田,
丰田,
丰田,
丰田,
丰田,
丰田,
丰田,
丰田,
丰田,
丰田,
丰田,
丰田,
丰田,
丰田,
丰田,
长安轻型车,5.85-7.20万
长安轻型车,6.85-9.25万
长安轻型车,9.28-13.98万
长安轻型车,4.76-6.38万
长安轻型车,
长安轻型车,
长安轻型车,
长安轻型车,
成功汽车,11.98-11.98万
成功汽车,3.28-4.00万
成功汽车,3.68-4.20万
成功汽车,6.80-6.80万
成功汽车,
成功汽车,
成功汽车,
Canoo,
Caterham,
Caterham,
Caterham,
Conquest,
Corbellati,
Cupra,
Cupra,
Cupra,
Cupra,
昶洧,
昶洧,
昶洧,
车和家,
刺猬汽车,
长江EV,
长江EV,
奔驰,21.18-29.98万
海马,
海马,
海格,22.30-25.80万
海格,16.53-24.68万
海格,21.08-29.28万
海格,18.98-25.08万
海格,70.80-80.80万
海格,
海格,20.88-20.88万
海格,7.28-16.58万
海格,7.18-9.28万
汉龙汽车,15.98-24.38万
黄海,16.88-29.88万
黄海,5.48-6.28万
黄海,6.28-12.98万
黄海,6.98-10.98万
黄海,9.28-18.78万
黄海,
黄海,11.18-16.08万
黄海,11.58-16.68万
黄海,5.48-6.28万
黄海,
黄海,
黄海,
黄海,
黄海,
欧宝,
欧朗,
欧联,
雷克萨斯,
马自达,17.98-24.58万
马自达,25.88-33.08万
马自达,
马自达,
马自达,
马自达,
马自达,
马自达,17.58-23.98万
马自达,14.88-21.58万
马自达,
马自达,
马自达,
马自达,
马自达,
马自达,14.98-15.98万
马自达,33.90-34.00万
马自达,
马自达,
马自达,
马自达,
马自达,
马自达,
马自达,
马自达,
马自达,
马自达,
马自达,
马自达,
马自达,
马自达,
大众,
大众,
大众,
大众,
大众,
大众,
大众,
大众,
大众,
大众,
大众,
大众,
大众,
大众,
大众,
大众,
大众,
大众,
大众,
大众,
大众,
大众,
大众,
大众,
大众,
大众,
大众,
大众,
大众,
大众,
大众,
大众,
大众,
大众,
大众,
大众,
大众,
大众,
ABT,
ABT,
AC Schnitzer,
AC Schnitzer,
AC Schnitzer,
AC Schnitzer,
AC Schnitzer,
AEV ROBOTICS,
Agile Automotive,
Agile Automotive,
Apollo,
Apollo,
Apollo,
Arash,
Arash,
ARCFOX,
ARCFOX,
ARCFOX,
ARCFOX,
Aria,
Aspark,
ATS,
Aurus,
艾康尼克,
艾康尼克,
安凯客车,
克莱斯勒,49.69-49.69万
克莱斯勒,
克莱斯勒,
克莱斯勒,
克莱斯勒,
克莱斯勒,
克莱斯勒,
克莱斯勒,
克莱斯勒,
克莱斯勒,
克莱斯勒,
克莱斯勒,
克莱斯勒,
克莱斯勒,
克莱斯勒,
开瑞,4.99-8.18万
开瑞,19.88-20.88万
开瑞,3.99-6.88万
开瑞,18.88-18.88万
开瑞,14.48-14.88万
开瑞,
开瑞,3.45-4.64万
开瑞,3.40-4.30万
开瑞,10.98-11.08万
开瑞,3.29-6.24万
开瑞,11.28-11.58万
开瑞,
开瑞,
开瑞,
开瑞,
开瑞,
开瑞,
开瑞,
开瑞,
开瑞,
开瑞,
开瑞,
卡尔森,126.88-143.88万
卡尔森,
卡尔森,
KTM,139.80-139.80万
凯翼,5.29-8.06万
吉利汽车,9.98-14.88万
吉利汽车,16.98-19.28万
吉利汽车,
吉利汽车,
吉利汽车,
吉利汽车,
吉利汽车,
吉利汽车,
吉利汽车,
吉利汽车,
吉利汽车,
吉利汽车,
吉利汽车,
吉利汽车,
吉利汽车,
吉利汽车,
吉利汽车,
吉利汽车,
吉利汽车,
吉利汽车,
吉利汽车,
吉利汽车,
吉利汽车,
吉利汽车,
吉利汽车,
吉利汽车,
吉利汽车,
吉利汽车,
吉利汽车,
吉利汽车,
吉利汽车,
吉利汽车,
吉利汽车,
吉利汽车,
吉利汽车,
吉利汽车,
吉利汽车,
吉利汽车,
吉利汽车,
吉利汽车,
吉利汽车,
吉利汽车,
吉利汽车,
吉利汽车,
吉利汽车,
吉利汽车,
吉利汽车,
吉利汽车,
吉利汽车,
吉利汽车,
吉利汽车,
吉利汽车,
吉利汽车,
吉利汽车,
吉利汽车,
吉利汽车,
吉利汽车,
Jeep,
丰田,
丰田,
丰田,
丰田,
丰田,
丰田,
丰田,
丰田,
丰田,
丰田,
丰田,
丰田,
丰田,
丰田,
丰田,
丰田,
丰田,
丰田,
丰田,
丰田,
丰田,
丰田,
丰田,
丰田,
丰田,
福特,9.98-15.08万
福特,13.98-15.38万
福特,8.08-11.68万
福特,22.89-29.98万
福特,19.28-27.98万
福特,
福特,28.08-33.78万
福特,7.98-15.58万
福特,18.98-21.88万
福特,16.98-24.98万
福特,22.98-38.98万
红星汽车,11.98-13.98万
汉腾汽车,5.98-6.98万
汉腾汽车,5.98-10.68万
汉腾汽车,18.98-20.98万
汉腾汽车,7.88-15.68万
汉腾汽车,22.98-24.98万
汉腾汽车,
汉腾汽车,7.99-13.59万
汉腾汽车,
汉腾汽车,
华凯,6.54-10.68万
华泰,7.68-11.18万
华泰,6.98-8.28万
华泰,
华泰,
华泰,
华泰,
华泰,
华泰,
华泰,
华泰,
华泰,
华泰新能源,10.28-10.28万
华泰新能源,10.98-10.98万
华泰新能源,6.58-9.58万
华泰新能源,18.65-19.35万
华泰新能源,24.58-25.88万
华泰新能源,
华泰新能源,
华泰新能源,
华泰新能源,
恒天,5.98-6.98万
恒天,6.38-8.58万
奔驰,39.98-41.98万
奔驰,30.78-47.48万
奔驰,42.58-62.38万
奔驰,50.98-50.98万
奔驰,
奔驰,26.48-38.58万
奔驰,31.48-35.48万
奔驰,57.98-62.28万
奔驰,39.28-58.78万
奔驰,
奔驰,
奔驰,
奔驰,47.18-60.48万
奔驰,28.98-34.18万
奔驰,37.60-49.90万
奔驰,
奔驰,25.78-31.28万
奔驰,23.98-33.18万
奔驰,23.28-35.18万
奔驰,34.68-52.68万
奔驰,44.28-70.78万
奔驰,
奔驰,63.38-82.88万
奔驰,84.28-169.28万
奔驰,45.28-59.88万
奔驰,70.98-135.38万
奔驰,158.80-189.88万
奔驰,
奔驰,93.48-148.88万
奔驰,50.68-62.38万
奔驰,99.38-99.38万
奔驰,
奔驰,
奔驰,
奔驰,
特斯拉,35.58-35.58万
特斯拉,
特斯拉,
特斯拉,43.99-50.99万
特斯拉,79.39-89.39万
特斯拉,80.99-90.99万
特斯拉,
特斯拉,
腾势,28.98-35.78万
腾势,
TOROIDION,
Tramontana,
TVR,
TVR,
TVR,
塔塔,
塔塔,
塔塔,
塔塔,
塔塔,
塔塔,
塔塔,
塔塔,
塔塔,
塔塔,
泰卡特,
雷克萨斯,21.50-28.20万
雷克萨斯,29.80-41.30万
雷克萨斯,29.00-48.30万
雷克萨斯,81.10-117.20万
雷克萨斯,
雷克萨斯,28.30-38.60万
雷克萨斯,30.40-54.20万
雷克萨斯,39.00-81.00万
雷克萨斯,129.10-141.70万
雷克萨斯,115.50-126.50万
雷克萨斯,
雷克萨斯,44.60-49.60万
雷克萨斯,42.90-45.60万
雷克萨斯,
雷克萨斯,
雷克萨斯,
雷克萨斯,
雷克萨斯,
雷克萨斯,
雷克萨斯,
雷克萨斯,
雷克萨斯,
雷克萨斯,
雷克萨斯,
雷克萨斯,
雷克萨斯,
雷克萨斯,
雷克萨斯,
雷克萨斯,
雷克萨斯,
雷克萨斯,
雷克萨斯,
雷克萨斯,
雷克萨斯,
雷克萨斯,
雷克萨斯,
雷克萨斯,
路虎,34.68-50.08万
Vanda Electric,
Vinfast,
Vinfast,
VLF Automotive,
日产,8.58-11.72万
日产,9.99-13.59万
日产,9.98-14.30万
马自达,
马自达,
马自达,
马自达,
马自达,
马自达,
马自达,
马自达,
马自达,
马自达,
马自达,
马自达,
马自达,
马自达,
马自达,
马自达,
马自达,
马自达,
名爵,9.68-14.98万
名爵,15.98-17.88万
名爵,7.79-12.99万
名爵,11.98-14.98万
名爵,7.88-11.28万
名爵,
名爵,10.98-16.98万
名爵,18.98-21.98万
名爵,11.98-17.88万
名爵,5.98-9.38万
名爵,
名爵,
名爵,
名爵,
名爵,
名爵,
名爵,
名爵,
名爵,
名爵,
名爵,
名爵,
MINI,18.38-31.38万
MINI,24.58-31.98万
MINI,24.78-33.88万
MINI,
MINI,
MINI,
大众,
大众,
大众,
大众,
大众,
大众,
大众,
大众,
大众,
大众,
大众,
大众,
大众,
大众,
大众,
大众,
大众,
大众,
大众,
大众,
大众,
大众,
大众,
大众,
大众,
东风风行,
东风风行,16.49-18.49万
东风风行,4.89-15.18万
东风风行,5.99-12.18万
东风风行,6.99-13.59万
东风风行,
东风风行,6.99-12.98万
东风风行,7.99-17.69万
东风风行,11.89-22.99万
东风风行,9.49-9.69万
东风风行,10.29-11.89万
东风风行,
东风风行,16.99-22.99万
东风风行,5.99-7.09万
东风风行,5.59-12.18万
东风风行,15.79-21.59万
东风风行,
东风风行,
东风风行,
东风风行,
东风风行,
东风风行,
东风风行,
东风风行,
东风风行,
东风,14.98-14.98万
凯翼,5.89-9.69万
凯翼,6.28-7.88万
凯翼,7.89-10.49万
凯翼,
凯翼,
凯翼,
凯翼,
凯翼,
凯翼,
凯翼,
凯翼,
凯翼,
卡威,26.80-26.80万
卡威,10.88-11.28万
卡威,7.58-9.88万
卡威,9.78-13.28万
卡威,
卡威,
卡威,
卡威,
卡威,
卡威,
开沃汽车,18.80-24.98万
Karma,
Karma,
Karma,
Karma,
开利,
凯佰赫,
科尼赛克,
科尼赛克,
科尼赛克,
科尼赛克,
科尼赛克,
科尼赛克,
科尼赛克,
科尼赛克,
Jeep,
Jeep,12.98-19.08万
Jeep,15.58-24.18万
Jeep,27.98-40.98万
Jeep,25.98-31.58万
Jeep,30.98-32.28万
Jeep,
Jeep,18.58-31.98万
Jeep,
Jeep,42.99-53.99万
Jeep,52.99-71.49万
Jeep,
Jeep,
Jeep,
Jeep,
Jeep,
Jeep,
Jeep,
Jeep,
Jeep,
Jeep,
Jeep,
Jeep,
Jeep,
Jeep,
Jeep,
Jeep,
捷达,6.58-9.28万
捷达,8.48-11.28万
捷达,
江淮,5.45-7.55万
福特,
福特,
福特,
福特,
福特,
福特,
福特,10.98-16.88万
福特,19.90-22.30万
福特,26.58-35.88万
福特,17.69-35.68万
福特,12.64-18.89万
福特,
福特,16.45-24.15万
福特,
福特,
福特,41.28-59.18万
福特,36.98-57.68万
福特,29.98-29.98万
福特,52.38-61.28万
福特,
福特,35.88-37.88万
福特,
福特,
福特,
福特,
福特,
福特,
福特,
福特,
福特,
福特,
福特,
福特,
福特,
福特,
福特,
福特,
福特,
福特,
福特,
福特,
福特,
福特,
福特,
奇瑞,4.99-8.49万
奇瑞,7.99-10.39万
奇瑞,7.59-11.39万
恒天,6.98-8.38万
恒天,
华普,
华普,
华普,
华普,
华普,
华骐,19.88-19.88万
华骐,
华颂,23.77-28.77万
Hennessey,
Hennessey,
Hennessey,
Hispano Suiza,
HYCAN合创,
哈飞,
哈飞,
哈飞,
哈飞,
哈飞,
哈飞,
哈飞,
哈飞,
哈飞,
哈飞,
悍马,
悍马,
悍马,
悍马,
华利,
华人运通,
奔驰,
奔驰,
奔驰,
奔驰,
奔驰,
奔驰,
奔驰,
奔驰,
奔驰,
奔驰,
奔驰,
奔驰,
奔驰,
奔驰,
奔驰,
奔驰,
奔驰,
奔驰,
奔驰,
奔驰,
奔驰,
奔驰,
奔驰,
奔驰,
奔驰,
奔驰,
奔驰,
奔驰,
奔驰,
奔驰,
奔驰,
奔驰,
奔驰,
奔驰,
奔驰,
奔驰,
奔驰,
奔驰,
奔驰,
奔驰,
奔驰,
泰卡特,
泰卡特,
泰卡特,
泰卡特,
泰克鲁斯·腾风,
泰克鲁斯·腾风,
泰克鲁斯·腾风,
天际汽车,
天际汽车,
路虎,35.58-50.58万
路虎,
路虎,57.28-87.88万
路虎,66.98-93.48万
路虎,90.48-183.80万
路虎,122.50-321.30万
路虎,132.30-157.30万
路虎,
路虎,86.48-86.48万
路虎,67.00-67.00万
路虎,
路虎,
路虎,
路虎,
路虎,
路虎,
路虎,
路虎,
林肯,
林肯,
林肯,25.58-36.98万
林肯,36.08-55.58万
林肯,27.98-37.68万
日产,7.98-11.28万
日产,9.59-14.39万
日产,
日产,24.30-25.40万
日产,17.98-26.98万
日产,23.48-26.78万
日产,9.98-13.88万
日产,15.49-18.59万
日产,
日产,16.98-24.83万
日产,18.88-27.33万
日产,23.88-37.58万
日产,
日产,
日产,
日产,
日产,
日产,16.98-24.83万
日产,10.78-12.58万
日产,13.98-19.58万
日产,13.88-18.88万
日产,15.18-19.68万
日产,
日产,
日产,
日产,
MINI,
MINI,
MINI,
MINI,
MINI,
MINI,
MINI,
MINI,
MINI,
MINI,
MINI,
MINI,32.58-36.18万
MINI,36.48-40.98万
MINI,37.88-42.98万
MINI,
MINI,
玛莎拉蒂,88.08-118.88万
玛莎拉蒂,140.58-160.88万
玛莎拉蒂,96.18-122.98万
玛莎拉蒂,246.80-288.80万
玛莎拉蒂,268.80-302.80万
玛莎拉蒂,
玛莎拉蒂,
玛莎拉蒂,
玛莎拉蒂,
玛莎拉蒂,
玛莎拉蒂,
玛莎拉蒂,
玛莎拉蒂,
迈凯伦,220.00-220.00万
东风,21.28-23.68万
东风,23.38-23.38万
东风,22.88-22.88万
东风,11.78-28.98万
东风,
东风,10.28-22.68万
东风,18.80-48.00万
东风,8.48-15.18万
东风,
东风,
东风,
东风,
东风,
东风,
东风,
东风,6.88-9.18万
东风,16.88-17.08万
东风,3.98-4.55万
东风,8.48-13.98万
东风,
东风,10.18-14.28万
东风,8.58-12.18万
东风,26.98-26.98万
东风,
东风,
东风风神,6.97-15.47万
东风风神,13.58-23.68万
东风风神,8.97-12.97万
东风风神,6.99-10.09万
东风风神,17.97-21.97万
东风风神,
东风风神,6.39-8.19万
东风风神,6.68-10.18万
东风风神,8.59-10.99万
东风风神,8.98-13.39万
东风风神,
东风风神,
东风风神,
东风风神,
东风风神,
江淮,8.35-8.95万
江淮,8.48-11.58万
江淮,13.55-14.55万
江淮,18.95-18.95万
江淮,
江淮,13.95-22.95万
江淮,9.35-11.95万
江淮,12.95-15.95万
江淮,5.78-7.68万
江淮,6.79-8.79万
江淮,
江淮,6.78-9.88万
江淮,8.95-13.95万
江淮,10.98-13.98万
江淮,5.98-9.28万
江淮,9.98-15.98万
江淮,
江淮,13.95-16.65万
江淮,19.95-25.95万
江淮,6.48-9.58万
江淮,3.24-3.65万
江淮,10.97-21.78万
江淮,
江淮,7.18-8.38万
江淮,8.58-12.78万
江淮,9.98-13.48万
江淮,9.99-10.58万
江淮,
江淮,
江淮,
江淮,
江淮,
江淮,
江淮,
江淮,
江淮,
江淮,
江淮,
江淮,
江淮,
江淮,
江淮,
江淮,
江淮,
江淮,
江淮,
江淮,
江淮,
江淮,
江淮,
江淮,
江淮,
福特,
福特,
福特,
福特,
福特,
福特,
福特,
福特,
福特,
福特,
福特,
福特,
福特,
福特,
福特,
福特,
福特,
福特,
福特,
福特,
福特,
福特,
福特,
福特,
福特,
福特,
福特,
福特,
福特,
福田,7.99-14.98万
福田,13.53-36.00万
福田,6.19-6.79万
福田,7.19-7.99万
福田,3.28-3.48万
福田,
福田,3.68-5.18万
福田,12.66-12.66万
福田,4.19-5.89万
福田,5.39-6.99万
福田,4.70-6.15万
福田,
福田,4.03-5.64万
福田,7.98-14.97万
福田,7.37-8.57万
福田,9.57-18.67万
奇瑞,5.99-7.99万
奇瑞,4.99-6.29万
奇瑞,
奇瑞,5.99-8.99万
奇瑞,8.59-15.09万
奇瑞,8.88-15.59万
奇瑞,
奇瑞,
奇瑞,
奇瑞,
奇瑞,
奇瑞,
奇瑞,
奇瑞,
奇瑞,
奇瑞,
奇瑞,
奇瑞,
奇瑞,
奇瑞,
奇瑞,
奇瑞,
奇瑞,
奇瑞,
奇瑞,
奇瑞,
奇瑞,
奇瑞,
奇瑞,
奇瑞,
奇瑞,
奇瑞,
奇瑞,
奇瑞,
奇瑞,
奇瑞,
奇瑞,
奇瑞,
奇瑞,
华人运通,
华人运通,
霍顿,
霍顿,
奔驰,
奔驰,
奔驰,
奔驰,
奔驰,
奔驰,
奔驰,
奔驰,45.38-45.38万
奔驰,54.58-54.58万
奔驰,59.98-116.08万
奔驰,89.58-162.98万
奔驰,227.88-307.88万
奔驰,
奔驰,52.68-52.68万
奔驰,63.68-128.88万
奔驰,94.18-180.18万
奔驰,220.80-245.88万
奔驰,179.98-179.98万
奔驰,
奔驰,97.38-229.88万
奔驰,
奔驰,
奔驰,
奔驰,
奔驰,
奔驰,
奔驰,
奔驰,
奔驰,
奔驰,
奔驰,
奔驰,
奔驰,
奔驰,
奔驰,
奔驰,
奔驰,
林肯,38.88-51.88万
林肯,41.88-61.88万
林肯,
林肯,62.88-68.88万
林肯,81.88-81.88万
林肯,109.80-119.80万
林肯,
林肯,
林肯,
林肯,
林肯,
林肯,
林肯,
林肯,
领克,11.38-22.88万
领克,19.87-22.87万
领克,15.08-20.08万
领克,22.27-25.98万
领克,11.98-18.88万
领克,
领克,19.97-22.97万
领克,
领克,
领克,
领克,
领克,
领克,
铃木,4.20-4.40万
铃木,4.80-4.80万
铃木,5.49-6.09万
铃木,
铃木,
铃木,
铃木,
铃木,
铃木,5.48-8.28万
日产,
日产,
日产,
日产,
日产,
日产,
日产,
日产,
日产,
日产,
日产,
日产,
日产,
日产,
日产,
日产,
日产,
日产,
日产,
日产,
日产,
日产,
日产,
日产,
日产,
日产,
日产,
日产,
日产,
日产,
日产,
日产,
日产,
日产,
日产,
迈凯伦,243.60-270.80万
迈凯伦,292.30-319.50万
迈凯伦,339.80-378.80万
迈凯伦,198.80-198.80万
迈凯伦,
迈凯伦,
迈凯伦,
迈凯伦,
迈凯伦,
迈凯伦,
迈凯伦,
迈凯伦,
迈凯伦,
迈凯伦,
迈凯伦,
迈凯伦,
迈凯伦,
迈凯伦,
迈凯伦,
迈凯伦,
迈迈,15.88-16.88万
摩根,
摩根,
摩根,
摩根,
摩根,
摩根,
摩根,
摩根,
摩根,
摩根,
MAGNA,
Mahindra,
Mazzanti,
Micro,
Mole,
迈巴赫,
迈巴赫,
敏安汽车,
东风风神,
东风风神,
东风风神,
东风风神,
东风风神,
东风风神,
东风风神,
东风风神,
东风风光,6.18-7.38万
东风风光,12.98-15.98万
东风风光,6.59-9.69万
东风风光,8.09-12.30万
东风风光,9.29-12.09万
东风风光,
东风风光,16.99-16.99万
东风风光,9.98-14.98万
东风风光,12.59-21.59万
东风风光,5.99-6.99万
东风风光,3.79-5.09万
东风风光,
东风风光,
东风风光,
道奇,
道奇,27.49-37.29万
道奇,
道奇,
道奇,
道奇,
道奇,
江淮,
江淮,
江淮,
江淮,
江淮,
江淮,
江淮,
江淮,
江淮,
江淮,
江淮,
金杯,7.59-12.00万
金杯,6.25-10.89万
金杯,7.98-27.78万
金杯,9.48-25.28万
金杯,6.18-9.38万
金杯,
金杯,7.45-9.08万
金杯,
金杯,
金杯,5.38-7.33万
金杯,4.68-5.88万
金杯,3.58-4.68万
金杯,2.79-3.35万
金杯,3.14-3.69万
金杯,
金杯,3.55-4.81万
金杯,3.87-4.92万
金杯,4.58-5.08万
金杯,4.88-5.38万
金杯,5.08-5.88万
金杯,
金杯,
金杯,
金杯,5.98-7.88万
金杯,7.98-11.38万
金杯,4.52-5.27万
金杯,7.18-11.68万
金杯,5.78-6.18万
金杯,
金杯,3.28-3.58万
金杯,
金杯,
金杯,
福田,5.63-9.52万
福田,
福田,7.46-10.85万
福田,13.90-17.25万
福田,9.78-21.97万
福田,26.47-29.72万
福田,5.88-9.99万
福田,
福田,7.78-19.88万
福田,9.38-12.28万
福田,10.48-19.58万
福田,
福田,
福田,
福田,
法拉利,314.50-473.20万
法拉利,263.80-263.80万
法拉利,398.80-398.80万
法拉利,408.00-449.90万
法拉利,485.90-485.90万
法拉利,
法拉利,298.80-341.80万
法拉利,
法拉利,
法拉利,
法拉利,
法拉利,
法拉利,
法拉利,
法拉利,
法拉利,
法拉利,
法拉利,
法拉利,
法拉利,
法拉利,
法拉利,
法拉利,
法拉利,
法拉利,
法拉利,
法拉利,
法拉利,
法拉利,
法拉利,
法拉利,
法拉利,
法拉利,
法拉利,
法拉利,
法拉利,
法拉利,
奇瑞,
奇瑞,
奇瑞,
奇瑞,
奇瑞,
奇瑞,
奇瑞,
奇瑞,
奇瑞,
奇瑞,5.98-7.58万
奇瑞,15.98-15.98万
奇瑞,15.18-16.88万
奇瑞,9.38-10.68万
奇瑞,10.99-14.39万
奇瑞,
奇瑞,
奇瑞,
奇瑞,
起亚,8.69-9.09万
起亚,5.49-7.39万
起亚,7.29-10.39万
起亚,7.88-10.28万
起亚,10.88-12.58万
起亚,
起亚,20.98-21.88万
起亚,12.88-14.98万
起亚,16.48-17.38万
起亚,22.28-23.98万
起亚,10.88-12.58万
起亚,
起亚,23.98-23.98万
起亚,6.98-8.28万
起亚,15.48-18.18万
起亚,11.99-14.89万
起亚,17.98-27.68万
奔驰,
奔驰,
奔驰,
奔驰,
奔驰,
奔驰,139.88-319.88万
奔驰,
奔驰,
奔驰,
奔驰,
本田,12.99-16.59万
本田,11.99-16.99万
本田,7.98-11.98万
本田,8.99-12.79万
本田,9.98-13.68万
本田,
本田,18.28-24.98万
本田,12.79-17.59万
本田,16.98-27.68万
本田,24.68-32.98万
本田,24.98-32.88万
本田,
本田,
本田,
本田,7.38-10.28万
本田,7.98-10.68万
本田,9.98-13.98万
本田,16.98-25.98万
本田,12.78-17.68万
本田,
本田,16.98-25.28万
本田,22.00-32.98万
本田,22.98-37.68万
本田,
本田,
本田,
本田,
铃木,7.89-10.99万
铃木,7.98-9.98万
铃木,9.98-15.98万
铃木,9.98-15.98万
铃木,
铃木,
铃木,
铃木,
铃木,
铃木,
铃木,14.18-16.08万
铃木,12.90-12.90万
铃木,26.48-27.48万
铃木,
铃木,
铃木,
铃木,
铃木,
铃木,
铃木,
铃木,
铃木,
铃木,
铃木,
铃木,
铃木,
铃木,
铃木,
铃木,
铃木,
铃木,
铃木,
铃木,
铃木,
铃木,
铃木,
铃木,
铃木,
铃木,
铃木,
铃木,
铃木,
铃木,
铃木,
铃木,
铃木,
铃木,
铃木,
铃木,
铃木,
雷诺,9.98-14.48万
雷诺,6.18-7.18万
雷诺,17.98-26.98万
雷诺,13.98-19.48万
雷诺,25.88-32.88万
雷诺,13.18-14.18万
雷诺,
众泰,9.88-16.99万
众泰,10.98-12.98万
众泰,6.99-6.99万
众泰,5.88-8.68万
众泰,11.39-12.59万
众泰,
众泰,7.58-14.08万
众泰,10.58-16.58万
众泰,4.59-9.38万
众泰,10.88-12.58万
众泰,6.99-9.99万
众泰,
众泰,6.68-10.18万
众泰,6.98-12.38万
众泰,10.69-15.99万
众泰,10.88-16.98万
众泰,7.98-14.28万
众泰,
众泰,8.68-14.68万
沃尔沃,
沃尔沃,
沃尔沃,24.98-37.99万
沃尔沃,39.99-46.19万
沃尔沃,37.29-49.59万
沃尔沃,49.99-104.39万
沃尔沃,26.48-38.58万
沃尔沃,
沃尔沃,36.29-46.99万
沃尔沃,52.79-58.59万
沃尔沃,
沃尔沃,22.69-28.39万
沃尔沃,33.99-43.99万
沃尔沃,43.79-55.29万
沃尔沃,63.09-84.99万
沃尔沃,89.19-122.58万
沃尔沃,
沃尔沃,
沃尔沃,
日产,
日产,
日产,
日产,
日产,
日产,
日产,
日产,
日产,
日产,
日产,
日产,
日产,
日产,
日产,
日产,
日产,
日产,
日产,
日产,
日产,
日产,
日产,
日产,
日产,
日产,
日产,
日产,
日产,
日产,
日产,
日产,
日产,
日产,
日产,
日产,
日产,
日产,
日产,
日产,
荣威,7.79-12.99万
荣威,12.88-15.88万
荣威,6.89-11.59万
荣威,8.98-13.98万
荣威,14.78-17.88万
荣威,
荣威,25.59-25.59万
荣威,6.98-11.08万
荣威,9.88-14.88万
荣威,11.88-18.98万
荣威,19.58-23.58万
荣威,
荣威,17.59-29.68万
荣威,26.88-30.88万
荣威,16.88-22.88万
荣威,16.88-22.68万
荣威,
荣威,
斯柯达,6.99-10.99万
道奇,
道奇,
道奇,
道奇,
道奇,
道奇,
道奇,
道奇,
道奇,
道奇,
道奇,
道奇,
道奇,
道奇,
东南,5.79-6.59万
东南,6.59-8.09万
东南,4.99-7.89万
东南,5.99-10.59万
东南,17.15-19.15万
东南,
东南,6.99-9.99万
东南,8.99-13.69万
东南,
东南,
东南,
东南,
东南,
东南,
东南,
东南,
东南,
东南,
东南,
东南,
东风风度,13.28-16.98万
东风风度,
东风风度,
DS,17.19-22.99万
DS,16.88-22.98万
DS,24.39-30.89万
捷豹,28.18-41.48万
捷豹,37.58-57.88万
捷豹,28.18-38.58万
捷豹,43.68-43.68万
捷豹,45.58-58.28万
捷豹,47.58-78.78万
捷豹,63.08-71.68万
捷豹,58.20-158.60万
捷豹,
捷豹,88.80-106.80万
捷豹,
捷豹,
捷豹,
捷豹,
捷豹,
捷豹,
捷豹,
捷豹,
捷豹,
捷豹,
捷豹,
捷豹,
捷豹,
捷豹,
捷豹,
捷途,6.99-12.29万
捷途,6.49-7.99万
捷途,7.69-12.99万
捷途,17.79-19.99万
捷途,7.99-14.29万
捷途,
捷途,9.99-15.29万
捷途,
捷途,
江铃,
江铃,10.13-14.27万
江铃,20.60-24.68万
江铃,7.88-10.53万
江铃,8.98-12.22万
江铃,
江铃,9.68-13.63万
江铃,11.98-17.63万
江铃,13.48-20.78万
江铃,
江铃集团新能源,7.38-7.38万
江铃集团新能源,4.28-6.38万
江铃集团新能源,5.68-6.68万
江铃集团新能源,6.68-8.38万
江铃集团新能源,9.58-9.88万
江铃集团新能源,
法拉利,
法拉利,
法拉利,
法拉利,
法拉利,
法拉利,
法拉利,
法拉利,
法拉利,
福迪,10.88-16.38万
福迪,5.58-9.18万
福迪,7.78-15.18万
福迪,
福迪,
福迪,
福迪,
菲亚特,10.08-14.18万
菲亚特,10.08-14.88万
菲亚特,
菲亚特,
菲亚特,
菲亚特,
菲亚特,
菲亚特,
菲亚特,
菲亚特,
菲亚特,
菲亚特,
菲亚特,
菲亚特,
菲亚特,
菲亚特,
菲亚特,
菲亚特,
菲亚特,
菲亚特,
菲亚特,
菲亚特,
菲亚特,
菲亚特,
菲亚特,
菲亚特,
菲亚特,
菲亚特,
菲亚特,
菲亚特,
菲亚特,
菲亚特,
菲亚特,
菲亚特,
菲亚特,
菲亚特,
菲亚特,
起亚,
起亚,
起亚,
起亚,
起亚,
起亚,
起亚,
起亚,
起亚,
起亚,
起亚,
起亚,
起亚,
起亚,
起亚,
起亚,
起亚,
起亚,
起亚,
起亚,
起亚,
起亚,
起亚,
起亚,
起亚,
起亚,
起亚,
起亚,
起亚,
起亚,
起亚,
起亚,
起亚,
起亚,
起亚,
起亚,
起亚,
起亚,
起亚,
起亚,
起亚,
起亚,
起亚,
起亚,
起亚,
起亚,
起亚,
起亚,
起亚,
起亚,
起亚,
起亚,
起亚,
起亚,
起亚,
起亚,
起亚,
起亚,
起亚,
起亚,
本田,
本田,
本田,
本田,
本田,
本田,
本田,
本田,
本田,
本田,
本田,
本田,
本田,
本田,
本田,
本田,
本田,
本田,
本田,
本田,
本田,
本田,
本田,
本田,
本田,
本田,
本田,
本田,
本田,
本田,
本田,
本田,
本田,
本田,
本田,
本田,
本田,
本田,
本田,
本田,
本田,
雷诺,
雷诺,
雷诺,
雷诺,
雷诺,
雷诺,
雷诺,
雷诺,
雷诺,
雷诺,
雷诺,
雷诺,
雷诺,
雷诺,
雷诺,
雷诺,
雷诺,
雷诺,
雷诺,
雷诺,
雷诺,
雷诺,
雷诺,
雷诺,
雷诺,
雷诺,
雷诺,
雷诺,
雷诺,
雷诺,
雷诺,
雷诺,
雷诺,
雷诺,
雷诺,
雷诺,
雷诺,
雷诺,
雷诺,
雷诺,
雷诺,
雷诺,
众泰,10.68-15.58万
众泰,13.18-18.58万
众泰,
众泰,
众泰,
众泰,
众泰,
众泰,
众泰,
众泰,
众泰,
众泰,
众泰,
众泰,
众泰,
众泰,
众泰,
众泰,
众泰,
众泰,
众泰,
众泰,
众泰,
众泰,
众泰,
众泰,
中华,16.98-17.98万
中华,6.39-8.89万
中华,8.58-9.58万
中华,5.07-8.77万
中华,8.79-14.19万
中华,
中华,10.87-15.99万
中华,
沃尔沃,
沃尔沃,
沃尔沃,
沃尔沃,
沃尔沃,
沃尔沃,
沃尔沃,
沃尔沃,
沃尔沃,
沃尔沃,
沃尔沃,
沃尔沃,
沃尔沃,
沃尔沃,
沃尔沃,
沃尔沃,
沃尔沃,
沃尔沃,
沃尔沃,
沃尔沃,
沃尔沃,
沃尔沃,
沃尔沃,
沃尔沃,
沃尔沃,
五菱汽车,5.68-8.28万
五菱汽车,6.48-7.98万
五菱汽车,4.28-6.98万
五菱汽车,4.18-5.38万
五菱汽车,3.68-4.92万
五菱汽车,
五菱汽车,3.98-4.98万
五菱汽车,3.08-3.49万
五菱汽车,3.38-3.68万
五菱汽车,3.56-4.59万
五菱汽车,4.58-5.68万
五菱汽车,
五菱汽车,2.99-3.39万
五菱汽车,
五菱汽车,
五菱汽车,
WEY,12.58-17.30万
WEY,14.80-17.50万
WEY,25.98-27.98万
WEY,16.98-18.88万
WEY,19.18-20.58万
WEY,
WEY,25.68-25.68万
WEY,21.98-23.98万
荣威,
荣威,
荣威,
荣威,
荣威,
荣威,
荣威,
荣威,
荣威,
荣威,
荣威,
荣威,
荣威,
瑞驰新能源,9.99-9.99万
容大智造,6.90-8.90万
如虎,
如虎,
Radical,
RENOVO,
Rezvani,
Rimac,
Rimac,
Rimac,
Rinspeed,
Rinspeed,
Rinspeed,
Rinspeed,
RIVIAN,
RIVIAN,
瑞麒,
瑞麒,
瑞麒,
瑞麒,
瑞麒,
瑞麒,
瑞麒,
瑞麒,
瑞麒,
斯柯达,10.99-16.14万
斯柯达,6.99-11.14万
斯柯达,7.19-10.64万
斯柯达,16.99-23.99万
斯柯达,
斯柯达,10.59-13.99万
斯柯达,13.99-17.74万
斯柯达,18.69-26.84万
斯柯达,18.19-26.84万
斯柯达,
斯柯达,
斯柯达,
斯柯达,
斯柯达,
斯柯达,
斯柯达,
斯柯达,
斯柯达,
斯柯达,
斯柯达,
斯柯达,
斯柯达,
斯柯达,
斯柯达,
斯柯达,
斯柯达,
斯柯达,
斯柯达,
斯柯达,
斯柯达,
斯柯达,
斯柯达,
斯柯达,
斯柯达,
斯柯达,
斯柯达,
斯柯达,
斯柯达,
斯柯达,
斯柯达,
斯柯达,
斯柯达,
英菲尼迪,26.48-38.98万
英菲尼迪,33.38-46.98万
英菲尼迪,38.98-46.78万
英菲尼迪,38.18-43.98万
英菲尼迪,18.08-23.58万
英菲尼迪,22.78-35.68万
英菲尼迪,47.98-56.98万
英菲尼迪,
英菲尼迪,113.80-113.80万
DS,20.69-27.29万
DS,20.89-31.99万
DS,
DS,
DS,
DS,
DS,
DS,
DS,
DS,
DS,
DS,
DS,
DS,
DS,
DS,
DS,
DS,
DS,
东风小康,5.08-5.28万
东风小康,4.98-5.18万
东风小康,5.49-5.79万
东风小康,8.29-8.29万
东风小康,3.09-3.49万
东风小康,
江铃集团新能源,8.98-12.28万
几何汽车,15.00-19.00万
金龙,6.20-12.30万
金龙,13.00-30.00万
金龙,7.18-16.00万
金龙,13.88-38.00万
钧天,77.80-107.80万
金旅,9.18-15.58万
金旅,16.68-22.88万
金旅,75.00-75.00万
福汽启腾,5.69-6.69万
福汽启腾,4.29-6.08万
福汽启腾,3.39-4.59万
福汽启腾,13.68-16.36万
Faraday Future,
Faraday Future,
Fisker,
Fisker,
Fisker,
Fisker,
Fisker,
Fisker,
Fisker,
Fisker,
FM Auto,
FOX Automotive,
弗那萨利,
起亚,
起亚,
起亚,
起亚,
启辰,6.98-9.88万
启辰,13.78-15.38万
启辰,6.18-7.48万
启辰,8.68-11.88万
启辰,13.88-15.68万
启辰,
启辰,8.98-12.78万
启辰,10.98-15.48万
启辰,6.58-9.09万
启辰,
启辰,
启辰,
启辰,
启辰,
启辰,
启辰,
启辰,
启辰,
启辰,
启辰,
启辰,
启辰,
乔治·巴顿,168.00-168.00万
乔治·巴顿,368.00-378.00万
前途,75.43-75.43万
前途,
前途,
前途,
前途,
庆铃汽车,9.98-13.18万
骐铃汽车,5.28-7.18万
本田,
本田,
本田,
本田,
本田,
本田,
本田,
本田,
本田,
本田,
本田,
本田,
本田,
本田,
本田,
本田,
本田,
本田,
本田,
宝马,19.88-26.38万
宝马,21.98-28.98万
宝马,29.39-40.99万
宝马,42.69-64.39万
宝马,49.69-53.69万
宝马,
宝马,27.68-36.98万
宝马,39.98-39.98万
宝马,26.68-32.98万
宝马,38.98-56.58万
宝马,33.98-33.98万
宝马,23.18-42.98万
宝马,26.38-33.98万
雷诺,
雷诺,
雷诺,
雷诺,
雷诺,
雷诺,
雷诺,
雷诺,
雷诺,
雷诺,
雷诺,
雷诺,
雷诺,
雷诺,
兰博基尼,290.00-290.00万
兰博基尼,272.80-384.80万
兰博基尼,613.70-920.47万
兰博基尼,
兰博基尼,
兰博基尼,
兰博基尼,
兰博基尼,
兰博基尼,
兰博基尼,
兰博基尼,
兰博基尼,
兰博基尼,
兰博基尼,
兰博基尼,
兰博基尼,
兰博基尼,
兰博基尼,
兰博基尼,
兰博基尼,
兰博基尼,
劳斯莱斯,790.00-920.00万
中华,
中华,
中华,
中华,
中华,
中华,
中华,
中华,
中华,
中华,
中华,
中华,
中华,
中华,
中华,
中华,
中华,
中华,
中兴,
中兴,
中兴,8.38-19.88万
中兴,6.98-11.98万
中兴,5.60-7.58万
中兴,
中兴,
WEY,
WEY,
WEY,
五十铃,17.88-28.48万
五十铃,14.48-21.98万
五十铃,11.18-15.48万
五十铃,8.48-13.58万
五十铃,
五十铃,9.28-11.88万
五十铃,
五十铃,
蔚来,
蔚来,35.80-54.80万
蔚来,44.80-50.60万
蔚来,
蔚来,
威麟,
威麟,
威麟,
威麟,20.68-22.68万
威麟,
威马汽车,13.98-18.98万
威马汽车,23.99-23.99万
威马汽车,
威马汽车,
威马汽车,
现代,
斯柯达,
斯柯达,
斯柯达,
斯柯达,
斯柯达,
斯柯达,
三菱,
三菱,
三菱,
三菱,
三菱,
三菱,
三菱,
三菱,
三菱,
三菱,9.98-15.58万
三菱,15.98-22.58万
三菱,12.98-18.58万
三菱,
三菱,
三菱,
三菱,34.98-39.98万
三菱,
三菱,
三菱,
三菱,
三菱,
三菱,
三菱,
三菱,
三菱,
三菱,
三菱,
三菱,
三菱,
三菱,
三菱,
三菱,
三菱,
三菱,
三菱,
三菱,
三菱,
三菱,
三菱,
三菱,
三菱,
三菱,
三菱,
三菱,
三菱,
三菱,
三菱,
三菱,
三菱,
三菱,
三菱,
三菱,
三菱,
三菱,
三菱,
上汽MAXUS,9.38-16.78万
英菲尼迪,35.88-37.78万
英菲尼迪,
英菲尼迪,
英菲尼迪,
英菲尼迪,
英菲尼迪,
英菲尼迪,
英菲尼迪,
英菲尼迪,
英菲尼迪,
英菲尼迪,
英菲尼迪,
英菲尼迪,
英菲尼迪,
英菲尼迪,
英菲尼迪,
英菲尼迪,
英菲尼迪,
英菲尼迪,
英菲尼迪,
英菲尼迪,
英菲尼迪,
英菲尼迪,
英菲尼迪,
英菲尼迪,
英菲尼迪,
英菲尼迪,
英菲尼迪,
依维柯,27.57-34.69万
依维柯,14.39-32.49万
依维柯,11.84-16.40万
依维柯,13.59-31.79万
依维柯,
依维柯,
依维柯,
依维柯,
依维柯,
一汽,5.29-6.59万
一汽,3.69-4.89万
一汽,4.89-5.29万
一汽,5.59-7.29万
一汽,6.48-8.78万
一汽,
一汽,16.88-18.38万
一汽,6.89-7.69万
一汽,5.69-8.99万
一汽,7.99-12.59万
一汽,
一汽,
一汽,
一汽,
一汽,
一汽,
一汽,
一汽,
一汽,
一汽,
一汽,
一汽,10.68-13.58万
一汽,6.69-10.69万
一汽,17.98-17.98万
一汽,8.39-12.59万
一汽,2.72-2.92万
一汽,3.29-3.29万
一汽,
一汽,2.89-3.09万
一汽,3.09-3.59万
一汽,4.09-5.39万
一汽,11.98-13.68万
一汽,3.29-3.45万
一汽,
东风小康,2.89-3.29万
东风小康,3.69-4.29万
东风小康,3.99-4.59万
东风小康,4.19-4.69万
东风小康,4.49-4.99万
东风小康,
东风小康,2.69-3.39万
东风小康,3.29-3.69万
东风小康,
东风小康,
东风小康,
东风小康,
东风小康,
东风小康,
东风小康,
东风小康,
东风小康,
东风小康,
东风小康,
东风小康,
大乘汽车,12.98-12.98万
大乘汽车,5.99-6.99万
大乘汽车,18.18-18.18万
大乘汽车,6.99-12.19万
大乘汽车,11.99-14.99万
电咖,11.59-12.39万
东风·瑞泰特,25.98-25.98万
Dacia,
Dacia,
Dacia,
Dacia,
Dacia,
Datsun,
Datsun,
Datsun,
De Tomaso,
Dianchè,
Dianchè,
Dianchè,
DMC,
Donkervoort,
Drako,
大发,
大发,
大发,
大发,
大发,
大发,
大发,
大发,
大发,
大发,
大发,
大发,
大发,
大发,
大发,
大发,
金旅,7.08-7.88万
金旅,14.98-22.98万
金旅,
金旅,6.48-7.28万
九龙,
骐铃汽车,6.58-8.18万
骐铃汽车,7.28-11.38万
骐铃汽车,
骐铃汽车,
全球鹰,15.88-15.88万
全球鹰,16.48-16.48万
全球鹰,6.28-7.38万
全球鹰,7.68-9.68万
全球鹰,
全球鹰,
全球鹰,
清源汽车,
清源汽车,
宝马,35.98-44.98万
宝马,35.98-61.68万
宝马,
宝马,41.99-60.39万
宝马,58.39-68.39万
宝马,82.80-242.80万
宝马,106.80-106.80万
宝马,96.80-126.80万
宝马,
宝马,45.58-58.59万
宝马,69.99-84.99万
宝马,85.99-85.99万
宝马,75.39-93.69万
宝马,100.00-162.80万
宝马,
宝马,26.38-29.98万
宝马,179.80-195.80万
宝马,48.88-63.38万
宝马,28.18-36.98万
宝马,
宝马,
宝马,
宝马,
宝马,
宝马,
宝马,
宝马,
宝马,
宝马,
宝马,
宝马,
宝马,
宝马,
宝马,
宝马,
宝马,
宝马,
宝马,
宝马,
宝马,
宝马,
劳斯莱斯,450.00-530.00万
劳斯莱斯,610.00-610.00万
劳斯莱斯,505.00-590.00万
劳斯莱斯,520.00-620.00万
劳斯莱斯,
劳斯莱斯,
劳斯莱斯,
劳斯莱斯,
劳斯莱斯,
劳斯莱斯,
劳斯莱斯,
劳斯莱斯,
猎豹汽车,7.68-12.98万
猎豹汽车,20.58-21.58万
猎豹汽车,11.68-15.88万
猎豹汽车,7.98-11.98万
猎豹汽车,11.99-16.98万
猎豹汽车,
猎豹汽车,8.28-12.08万
猎豹汽车,
猎豹汽车,
猎豹汽车,
猎豹汽车,
猎豹汽车,
猎豹汽车,
猎豹汽车,
猎豹汽车,
猎豹汽车,
猎豹汽车,
猎豹汽车,
猎豹汽车,
猎豹汽车,
猎豹汽车,
猎豹汽车,
猎豹汽车,
理想汽车,32.80-32.80万
力帆汽车,
力帆汽车,16.89-17.58万
力帆汽车,7.68-11.98万
力帆汽车,25.68-27.98万
力帆汽车,5.98-8.28万
力帆汽车,
力帆汽车,7.54-9.09万
力帆汽车,5.68-7.38万
力帆汽车,10.99-14.99万
力帆汽车,6.98-10.68万
力帆汽车,3.58-5.98万
力帆汽车,
力帆汽车,
力帆汽车,
力帆汽车,
力帆汽车,
力帆汽车,
力帆汽车,
力帆汽车,
力帆汽车,
力帆汽车,
力帆汽车,
力帆汽车,
力帆汽车,
力帆汽车,
力帆汽车,
力帆汽车,
力帆汽车,
力帆汽车,
力帆汽车,
中兴,
中兴,
中兴,
中兴,
中兴,
中兴,
中兴,
中兴,
中兴,
知豆,4.98-5.98万
知豆,10.98-10.98万
知豆,
知豆,
之诺,34.90-34.90万
之诺,
之诺,
Zenvo,
正道汽车,
正道汽车,
正道汽车,
正道汽车,
正道汽车,
正道汽车,
正道汽车,
潍柴英致,13.98-13.98万
潍柴英致,5.69-8.08万
潍柴英致,5.98-8.58万
潍柴英致,14.68-14.68万
潍柴英致,3.99-4.69万
潍柴英致,
潍柴英致,4.98-8.78万
潍柴英致,
潍柴汽车,6.99-11.29万
W Motors,
W Motors,
威兹曼,
威兹曼,
威兹曼,
沃克斯豪尔,
沃克斯豪尔,
沃克斯豪尔,
沃克斯豪尔,
沃克斯豪尔,
沃克斯豪尔,
沃克斯豪尔,
沃克斯豪尔,
沃克斯豪尔,
沃克斯豪尔,
沃克斯豪尔,
沃克斯豪尔,
沃克斯豪尔,
沃克斯豪尔,
现代,4.99-7.39万
现代,7.28-10.58万
现代,7.88-10.88万
现代,7.99-11.59万
现代,
现代,11.98-15.48万
上汽MAXUS,15.67-24.90万
上汽MAXUS,30.28-41.68万
上汽MAXUS,16.98-21.38万
上汽MAXUS,13.98-22.98万
上汽MAXUS,
上汽MAXUS,18.68-28.98万
上汽MAXUS,8.68-15.68万
上汽MAXUS,27.98-27.98万
上汽MAXUS,12.87-18.17万
上汽MAXUS,37.48-49.48万
上汽MAXUS,
上汽MAXUS,10.28-24.36万
上汽MAXUS,14.78-24.96万
上汽MAXUS,7.98-21.38万
上汽MAXUS,11.98-20.48万
上汽MAXUS,
上汽MAXUS,
上汽MAXUS,
上汽MAXUS,
斯巴鲁,20.48-24.78万
斯巴鲁,19.18-23.18万
斯巴鲁,22.38-28.58万
斯巴鲁,27.08-31.08万
斯巴鲁,27.38-28.38万
斯巴鲁,
斯巴鲁,
斯巴鲁,
斯巴鲁,
斯巴鲁,
斯巴鲁,
斯巴鲁,
斯巴鲁,
斯巴鲁,
斯巴鲁,
斯巴鲁,
斯巴鲁,
斯巴鲁,
斯巴鲁,
斯巴鲁,
斯巴鲁,
斯巴鲁,
斯巴鲁,
斯巴鲁,
斯巴鲁,
斯巴鲁,
斯巴鲁,
smart,13.38-19.89万
smart,12.28-16.98万
smart,
smart,
smart,
smart,
smart,
smart,
smart,
smart,
smart,
smart,
smart,
smart,
smart,
思铭,16.98-17.98万
思铭,
思皓,12.80-13.80万
SRM鑫源,5.70-6.28万
SRM鑫源,3.59-3.59万
SRM鑫源,3.89-3.89万
SRM鑫源,4.39-4.39万
SRM鑫源,4.69-4.69万
SRM鑫源,12.68-13.78万
SRM鑫源,11.68-11.88万
一汽,2.55-2.55万
一汽,2.99-3.09万
一汽,3.49-4.04万
一汽,4.65-5.05万
一汽,
一汽,
一汽,
一汽,
一汽,
一汽,
一汽,6.38-6.58万
野马汽车,5.78-8.98万
野马汽车,15.98-16.98万
野马汽车,21.88-21.88万
野马汽车,6.98-11.58万
野马汽车,8.98-12.98万
野马汽车,
野马汽车,5.98-7.58万
野马汽车,17.98-20.58万
野马汽车,
野马汽车,
野马汽车,
野马汽车,
野马汽车,
野马汽车,
野马汽车,
野马汽车,
野马汽车,
野马汽车,
野马汽车,
野马汽车,
野马汽车,
野马汽车,
野马汽车,
驭胜,12.18-17.38万
驭胜,
宇通客车,24.98-30.98万
宇通客车,37.80-78.80万
云度,13.18-16.68万
云度,17.98-19.28万
云度,
云度,
银隆新能源,43.00-43.00万
一汽凌河,9.38-11.98万
裕路,11.98-12.28万
云雀汽车,5.28-6.68万
YAMAHA,
野马新能源,
永源,
永源,
永源,
游侠,
御捷,
御捷,
九龙,12.98-31.28万
九龙,8.58-10.18万
九龙,12.18-17.88万
九龙,14.78-21.60万
九龙,
宝马,
宝马,
宝马,
宝马,
宝马,
宝马,
宝马,
宝马,
宝马,
宝马,
宝马,
宝马,
宝马,
宝马,
宝马,
宝马,
宝马,
宝马,
宝马,
宝马,
宝马,86.99-128.89万
宝马,146.89-147.99万
宝马,83.99-89.99万
宝马,86.99-92.99万
宝马,172.89-172.89万
宝马,
宝马,175.99-175.99万
宝马,63.38-63.38万
宝马,196.80-219.80万
宝马,
宝马,
宝马,
宝马,
宝马,
别克,8.39-9.99万
别克,13.59-18.59万
别克,16.58-19.98万
别克,11.59-14.39万
别克,13.19-14.69万
别克,
别克,17.28-25.98万
别克,22.98-28.98万
别克,12.59-15.59万
别克,15.59-18.59万
别克,18.99-27.99万
别克,
别克,29.99-37.99万
别克,13.99-16.69万
别克,23.29-44.99万
别克,
别克,
别克,
别克,
别克,
别克,
别克,
别克,
别克,
别克,
别克,
别克,
别克,
别克,
别克,
别克,
别克,
别克,
别克,
别克,
别克,
别克,
比亚迪,5.99-7.99万
比亚迪,8.98-14.48万
力帆汽车,
力帆汽车,
力帆汽车,
力帆汽车,
路特斯,2188.00-2188.00万
路特斯,97.20-97.20万
路特斯,
路特斯,
路特斯,
路特斯,
路特斯,
路特斯,
路特斯,
路特斯,
路特斯,
路特斯,
路特斯,
零跑汽车,11.99-15.99万
零跑汽车,
零跑汽车,
Lorinser,
Lorinser,159.80-159.80万
Lorinser,108.80-108.80万
理念,15.98-22.58万
理念,
理念,
LITE,11.08-12.68万
罗夫哈特,92.50-97.50万
领途汽车,13.68-13.68万
领途汽车,17.58-21.58万
领途汽车,
领途汽车,
雷丁,4.98-6.28万
雷丁,7.58-7.58万
雷丁,11.58-11.58万
雷丁,
陆地方舟,19.00-19.00万
陆风,6.38-8.88万
陆风,7.98-11.58万
陆风,12.98-15.08万
陆风,11.99-15.79万
陆风,7.99-9.99万
陆风,
陆风,7.69-12.19万
陆风,
陆风,
陆风,
陆风,
LeSEE,
LEVC,
LOCAL MOTORS,
Lucid,
现代,9.98-15.18万
现代,15.78-17.88万
现代,19.98-20.28万
现代,8.09-11.99万
现代,
现代,12.98-16.98万
现代,22.28-25.68万
现代,16.98-23.18万
现代,12.99-15.59万
现代,17.28-19.88万
现代,
现代,10.58-15.28万
现代,15.59-23.99万
现代,11.99-16.19万
现代,20.28-27.28万
现代,
现代,
现代,
现代,
现代,
现代,
现代,
现代,
现代,
现代,
现代,
现代,
现代,
现代,39.60-49.80万
现代,
现代,
现代,
现代,
现代,
现代,
现代,
现代,
现代,
现代,
现代,
现代,
现代,
现代,
现代,
现代,
现代,
现代,
现代,
现代,
现代,
现代,
现代,
现代,
现代,
现代,
现代,
现代,
现代,
现代,
现代,
现代,
现代,
现代,
现代,
现代,
现代,
现代,
现代,
现代,
现代,
现代,
现代,
现代,
现代,
现代,
现代,
现代,
现代,
现代,
现代,
现代,
SRM鑫源,11.58-11.78万
SRM鑫源,16.98-17.08万
SRM鑫源,10.68-10.98万
SRM鑫源,
SRM鑫源,15.28-17.18万
SWM斯威汽车,7.99-12.59万
SWM斯威汽车,5.50-7.19万
SWM斯威汽车,6.99-10.39万
SWM斯威汽车,7.39-10.19万
SWM斯威汽车,
双龙,21.98-31.98万
双龙,
双龙,
双龙,
双龙,
双龙,
双龙,
双龙,
双龙,
双龙,
双龙,
双龙,
双龙,
双龙,
双龙,
双龙,
双龙,
双龙,
双龙,
双龙,
双龙,
双龙,
双龙,
双龙,
双龙,
双龙,
双龙,
双龙,
双龙,
双龙,
双龙,
Scion,
Scion,
Scion,
Scion,
Scion,
Scion,
Scion,
Scion,
九龙,9.98-27.28万
九龙,23.98-32.98万
九龙,
君马汽车,7.99-11.89万
君马汽车,8.19-11.59万
君马汽车,7.79-12.89万
君马汽车,
Jannarelly,
佳跃,
捷尼赛思,
捷尼赛思,
捷尼赛思,
捷尼赛思,
捷尼赛思,
捷尼赛思,
捷尼赛思,
捷尼赛思,
捷尼赛思,
奇点汽车,
奇点汽车,
比亚迪,10.38-16.48万
比亚迪,4.39-6.59万
比亚迪,6.49-8.19万
比亚迪,
比亚迪,7.98-11.59万
比亚迪,13.69-20.69万
比亚迪,12.99-26.07万
比亚迪,5.99-6.99万
比亚迪,8.98-10.98万
比亚迪,
比亚迪,5.99-9.99万
比亚迪,8.99-13.99万
比亚迪,8.98-11.98万
比亚迪,16.98-21.98万
比亚迪,12.99-16.99万
比亚迪,
比亚迪,22.99-35.99万
比亚迪,30.98-36.98万
比亚迪,7.99-12.99万
比亚迪,14.99-19.98万
比亚迪,7.98-11.98万
比亚迪,
比亚迪,17.69-20.69万
比亚迪,
比亚迪,
比亚迪,
比亚迪,
比亚迪,
比亚迪,
比亚迪,
比亚迪,
比亚迪,
比亚迪,
比亚迪,
比亚迪,
比亚迪,
比亚迪,
比亚迪,
比亚迪,
比亚迪,
比亚迪,
比亚迪,
比亚迪,
比亚迪,
比亚迪,
比亚迪,
比亚迪,
比亚迪,
拉达,
拉达,
拉达,
拉达,
拉共达,
拉共达,
蓝旗亚,
蓝旗亚,
蓝旗亚,
蓝旗亚,
蓝旗亚,
朗世,
朗世,
雷诺三星,
雷诺三星,
莲花汽车,
莲花汽车,
莲花汽车,
莲花汽车,
莲花汽车,
莲花汽车,
莲花汽车,
莲花汽车,
领志,
绿驰,
绿驰,
绿驰,
现代,
现代,
现代,
现代,
现代,
现代,
现代,
现代,
现代,
现代,
现代,
现代,
现代,
现代,
SERES赛力斯,
SERES赛力斯,
Share2Drive,
SIN CARS,
Sono Motors,
SPIRRA,
SSC,
SSC,
萨博,
萨博,
萨博,
萨博,
萨博,
萨博,
萨博,
萨博,
萨博,
萨博,
萨博,
萨博,
萨博,
萨博,
萨博,
萨博,
赛麟,
赛麟,
赛麟,
赛麟,
赛麟,
赛麟,
赛麟,
赛麟,
上海,
世爵,
世爵,
世爵,
世爵,
首望,
双环,
比亚迪,
比亚迪,
宝骏,4.98-5.98万
宝骏,5.48-6.48万
宝骏,3.68-6.08万
宝骏,4.28-7.28万
宝骏,5.58-8.28万
宝骏,
宝骏,7.58-11.58万
宝骏,5.68-8.08万
宝骏,6.08-10.88万
宝骏,
宝骏,
宝骏,
宝骏,
宝骏,
宝骏,
宝骏,
保时捷,114.80-179.80万
保时捷,97.30-212.20万
保时捷,116.80-254.80万
保时捷,54.50-92.50万
保时捷,91.30-190.80万
保时捷,
保时捷,92.30-101.20万
保时捷,54.50-89.50万
保时捷,119.70-389.80万
保时捷,
现代,
现代,
现代,
现代,
现代,
雪佛兰,
雪佛兰,8.99-11.99万
雪佛兰,10.99-16.99万
雪佛兰,8.99-9.99万
雪佛兰,11.49-15.49万
雪佛兰,
雪佛兰,15.49-21.99万
雪佛兰,9.99-13.99万
雪佛兰,13.99-17.99万
雪佛兰,17.49-24.59万
雪佛兰,
雪佛兰,
雪佛兰,
雪佛兰,
雪佛兰,
雪佛兰,
雪佛兰,
雪佛兰,
雪佛兰,
雪佛兰,
雪佛兰,
雪佛兰,39.99-39.99万
雪佛兰,54.99-59.99万
雪佛兰,59.90-69.90万
雪佛兰,
雪佛兰,
雪佛兰,
雪佛兰,
雪佛兰,
雪佛兰,
雪佛兰,
雪佛兰,
雪佛兰,
雪佛兰,
双环,
双环,
斯太尔,
保时捷,
保时捷,
保时捷,
保时捷,
保时捷,
保时捷,
保时捷,
保时捷,
保时捷,
保时捷,
保时捷,
保时捷,
标致,8.47-10.77万
标致,8.97-13.07万
标致,11.77-16.97万
标致,15.97-22.57万
标致,13.97-14.97万
标致,
标致,16.97-24.37万
标致,18.77-27.37万
标致,
标致,
标致,
标致,
标致,
标致,
标致,
标致,
标致,
标致,
标致,
雪佛兰,
雪佛兰,
雪佛兰,
雪佛兰,
雪佛兰,
雪佛兰,
雪佛兰,
雪佛兰,
雪佛兰,
雪佛兰,
雪佛兰,
雪佛兰,
雪佛兰,
雪佛兰,
雪佛兰,
雪佛兰,
雪佛兰,
雪佛兰,
雪佛兰,
雪佛兰,
雪佛兰,
雪佛兰,
雪佛兰,
雪佛兰,
雪佛兰,
雪佛兰,
雪佛兰,
雪佛兰,
雪佛兰,
雪佛兰,
雪佛兰,
雪佛兰,
雪佛兰,
雪铁龙,10.69-14.19万
雪铁龙,8.38-10.28万
雪铁龙,9.88-14.18万
雪铁龙,16.99-21.59万
雪铁龙,18.99-27.59万
雪铁龙,
雪铁龙,9.48-11.79万
雪铁龙,10.68-15.68万
标致,
标致,
标致,
标致,
标致,
标致,
标致,
标致,
标致,
标致,
标致,
标致,
标致,
标致,
标致,
标致,
标致,
标致,
标致,
标致,
标致,
标致,
标致,
标致,
标致,
标致,
标致,
标致,
标致,
标致,
标致,
标致,
标致,
标致,
标致,
标致,
标致,
标致,
标致,
标致,
标致,
标致,
标致,
标致,
标致,
标致,
标致,
标致,
标致,
标致,
标致,
标致,
标致,
标致,
标致,
北京汽车,6.99-9.99万
北京汽车,7.99-12.29万
北京汽车,15.98-19.18万
北京汽车,4.99-9.59万
北京汽车,5.58-7.58万
北京汽车,
北京汽车,6.58-8.88万
北京汽车,9.88-14.98万
北京汽车,5.99-11.99万
北京汽车,
北京汽车,
北京汽车,
北京汽车,
北京汽车,
北京汽车,
北京汽车,
北京汽车,
北京汽车,
北京汽车,
北京汽车,
北京汽车,
北京汽车,
北京汽车,
北京汽车,
北京汽车,
北京汽车,
北京汽车,
雪铁龙,14.97-23.67万
雪铁龙,
雪铁龙,
雪铁龙,
雪铁龙,
雪铁龙,
雪铁龙,
雪铁龙,
雪铁龙,
雪铁龙,21.68-26.58万
雪铁龙,
雪铁龙,
雪铁龙,
雪铁龙,
雪铁龙,
雪铁龙,
雪铁龙,
雪铁龙,
雪铁龙,
雪铁龙,
雪铁龙,
雪铁龙,
雪铁龙,
雪铁龙,
雪铁龙,
雪铁龙,
雪铁龙,
雪铁龙,
雪铁龙,
雪铁龙,
雪铁龙,
雪铁龙,
雪铁龙,
雪铁龙,
雪铁龙,
雪铁龙,
雪铁龙,
雪铁龙,
雪铁龙,
雪铁龙,
雪铁龙,
雪铁龙,
雪铁龙,
雪铁龙,
雪铁龙,
雪铁龙,
雪铁龙,
雪铁龙,
雪铁龙,
新宝骏,8.48-12.38万
新宝骏,7.18-8.98万
新宝骏,9.78-13.58万
新宝骏,7.88-12.08万
新宝骏,
新宝骏,
新宝骏,
新宝骏,
新宝骏,
星途,12.59-15.09万
星途,13.59-17.59万
星途,
星途,
小鹏汽车,14.38-19.68万
小鹏汽车,
小鹏汽车,
新凯,
新特汽车,13.99-16.49万
西雅特,
西雅特,
西雅特,
西雅特,
西雅特,
西雅特,
西雅特,
西雅特,
西雅特,
西雅特,
西雅特,
西雅特,
西雅特,
西雅特,
西雅特,
西雅特,
西雅特,
西雅特,
西雅特,
西雅特,
西雅特,
北京,
北京,9.68-13.98万
北京,15.98-20.49万
北京,29.80-39.80万
北京,14.98-14.98万
北京,
北京,
北京,
北京,
北京,
北京,
北京,
北京,
宝沃,9.68-13.08万
宝沃,12.98-15.58万
宝沃,18.28-19.98万
宝沃,16.98-30.28万
宝沃,35.88-37.88万
宝沃,
宾利,495.00-555.80万
宾利,289.00-289.00万
宾利,269.00-398.00万
宾利,219.70-219.70万
宾利,288.00-459.80万
宾利,
宾利,
宾利,
宾利,
宾利,
宾利,
宾利,
宾利,
宾利,
奔腾,8.68-8.68万
奔腾,18.98-18.98万
奔腾,12.68-15.28万
奔腾,10.48-12.28万
奔腾,14.58-19.98万
奔腾,
奔腾,6.98-9.98万
奔腾,6.68-9.78万
奔腾,18.38-19.38万
奔腾,8.98-13.68万
奔腾,12.38-14.78万
奔腾,
奔腾,14.99-18.99万
奔腾,
奔腾,
奔腾,
奔腾,
奔腾,
奔腾,
巴博斯,21.58-21.58万
巴博斯,20.78-30.19万
巴博斯,
巴博斯,
巴博斯,
巴博斯,
巴博斯,
巴博斯,
巴博斯,
巴博斯,
巴博斯,
巴博斯,
巴博斯,
巴博斯,
巴博斯,
巴博斯,
巴博斯,
巴博斯,
巴博斯,
北汽制造,8.06-9.86万
北汽制造,7.78-10.48万
北汽制造,8.28-10.78万
北汽制造,9.98-16.17万
北汽制造,15.28-17.28万
北汽制造,
北汽制造,5.17-7.58万
北汽制造,7.93-8.08万
北汽制造,7.80-11.56万
北汽制造,
北汽幻速,
北汽幻速,
北汽幻速,5.18-6.08万
北汽幻速,5.38-6.98万
北汽幻速,5.98-8.58万
北汽幻速,8.88-11.68万
北汽幻速,7.88-11.58万
北汽幻速,
北汽幻速,5.58-6.78万
北汽幻速,8.18-8.88万
北汽幻速,3.98-6.68万
北汽幻速,3.58-3.98万
北汽幻速,5.98-7.58万
北汽幻速,
北汽幻速,
北汽幻速,
北汽幻速,
北汽新能源,5.58-6.18万
北汽新能源,7.38-7.98万
北汽新能源,12.98-12.98万
北汽新能源,13.29-17.19万
北汽新能源,15.99-17.59万
北汽新能源,
北汽新能源,9.99-11.99万
北汽新能源,8.49-10.39万
北汽新能源,12.39-16.39万
北汽新能源,16.99-19.99万
北汽新能源,
北汽新能源,
北汽新能源,
北汽新能源,
北汽新能源,
北汽新能源,
北汽新能源,
北汽新能源,
北汽新能源,
北汽新能源,
北汽新能源,
北汽昌河,4.58-4.98万
北汽昌河,11.50-14.30万
北汽昌河,3.58-4.10万
北汽昌河,5.00-5.70万
北汽昌河,5.98-9.98万
北汽昌河,
北汽昌河,5.59-7.59万
北汽昌河,6.59-8.99万
北汽昌河,8.79-14.89万
北汽昌河,5.49-6.49万
北汽昌河,10.38-11.38万
北汽昌河,
北汽昌河,4.18-5.28万
北汽昌河,3.74-4.88万
北汽昌河,3.94-5.13万
北汽昌河,
北汽昌河,
北汽昌河,
北汽昌河,
北汽威旺,7.98-12.08万
北汽威旺,5.58-8.68万
北汽威旺,6.68-9.88万
北汽威旺,3.18-4.64万
北汽威旺,3.68-4.18万
北汽威旺,
北汽威旺,4.48-5.58万
北汽威旺,4.38-5.13万
北汽威旺,
北汽威旺,
北汽威旺,
北汽威旺,
北汽威旺,
北汽威旺,
北汽威旺,10.98-10.98万
北汽威旺,
北汽威旺,
比德文汽车,4.98-6.28万
北汽道达,12.98-14.98万
比速汽车,7.49-8.99万
比速汽车,7.29-10.49万
比速汽车,6.19-8.39万
比速汽车,
比速汽车,
BAC,
Bollinger Motors,
Bollinger Motors,
拜腾,
拜腾,
宝腾,
保斐利,
北京清行,
宾尼法利纳,
宾尼法利纳,
博郡汽车,
博郡汽车,
布加迪,
布加迪,
布加迪,
布加迪,
布加迪,
布加迪,
布加迪,
布加迪,
