name;address;latitude;longitude;tel1;tel2
千鼎租车;谢家湾正街47号附46号;29.5168;106.517;023-86763999;null
久航租车;华岩寺路20号附近;29.4934;106.4483;null;null
米格尔·宜嘉酒店-租车服务;红锦大道567号米格尔酒店;29.6061;106.5187;023-67622000;null
盼达用车(寸滩港城东路店);港城东环路6;29.6282;106.6643;null;null
顺意汽车租赁;青龙路291号西南70米;30.9312;108.6953;023-55119886;18523291133
婚庆租车;科城路166号协信彩云湖1号3期附近;29.5127;106.4785;null;null
铄灵租车;跃进路北50米;29.4946;106.4931;null;null
盼达用车;江北国际机场T2航站楼对面;29.7192;106.6352;null;null
飞浩租车;火炬一路;29.5033;106.4882;null;null
地中装网约车;金源路64号附12号;29.5607;106.5296;023-68821192;null
华厦汽车租赁有限公司票务中心;八一路218号雅地天际18层;29.5556;106.5769;null;null
同舟汽车租赁(渝北项目部);长福路179号;29.6797;106.5935;13883151807;18183110168
共资租车;三湾路16号附25号2-37;29.5687;106.5156;023-67115123;15223280180
鼎炫汽车租赁公司;人民西路1号AC世纪城5幢;29.3498;105.9301;023-49888123;null
一笑汽车服务有限公司;白鹤路渝南二手车市场B29;29.5166;106.5461;17823999311;null
盼达用车(力帆棠悦);新溉大道251号(力帆棠悦售楼中心对面);29.6005;106.5366;null;null
名尚汽车租赁;桃园路160号附146号;29.5134;106.5475;023-62390089;null
赛维斯汽车服务有限公司;马王乡龙泉村55号附1号;29.4961;106.4839;null;null
途安租车;白鹤路美全世纪城4.5栋1-33;29.5161;106.5478;023-62770700;null
启顺租车;西郊路附近;29.4918;106.503;null;null
陆航租车;金渝大道56号附96号;29.6452;106.5647;023-63421366;15922910299
重庆灵宇汽车租赁有限公司;杨家坪西城天街A座25层13号;29.5103;106.518;18680811197;null
重庆车佳汇汽车租赁有限公司;红锦大道57号嘉州协信中心B栋617;29.5893;106.5241;023-81304031;null
艾宜租车;龙州大道10号(风花树)红绿灯旁;29.3864;106.5372;null;null
重庆市出租汽车有限责任公司汽车租赁;红黄路90号中北商务大楼B座6层;29.5859;106.5322;023-67525800;null
百分百租车;公园北路230号附7号;29.3943;106.54;17783852717;null
满天星;欧簏花圆剑桥郡;29.4615;106.6228;13308336203;null
颂车小站(05016);龙洲大道;29.4054;106.537;null;null
乐用租车(璧山店);金剑路500号14幢13号(原杜鹃6栋13号);29.5609;106.23;023-41463446;17723536423
众慕租车;云锦路307附18号附近;29.3725;106.5037;null;null
尚益达租车(龙头寺分店);龙头寺天宫大道97号附22号;29.6009;106.5511;023-67880076;023-60368615
海泰汽车租赁;永盛路附近;29.5932;106.3753;null;null
颂车小站(01026);兴塘路2号附5号;29.504;106.652;4000450968;null
客来好租车;鸳鸯北路18-3号附近;29.6652;106.5569;null;null
重庆大明汽车租赁有限公司;南区路160号南园大酒店1-2层;29.5514;106.5536;023-63601618;null
巴南恒初租车公司;渝南大道万达广场楼上;29.3996;106.544;13996135271;null
金美租车;龙海大道3幢6号南70米;29.3993;106.5383;null;null
盟盟同行租车;光彩大道368号鸿达宾馆旁;29.3871;105.8833;null;null
大方租车;通江大道附近;29.5053;106.6546;null;null
重庆协程租车公司;红黄路445号七彩空间1栋16-6;29.5864;106.5441;023-67876715;4000022139
奇缘汽车租赁;西华路与铝城四路交叉口北50米;29.3006;106.3277;15320512569;18983474576
傲冠租车;旗山路250-1号附近;29.5912;106.4908;023-67584311;null
盼达用车(星汇两江);星汇两江艺术商业中心1区广场;29.6171;106.5025;null;null
吉强租车;宏声路36号20附近;29.5311;106.5724;13983011575;null
南坪宝晟源租车公司;江南大道8号-附17号;29.5256;106.5693;13308395939;null
欣驰租车(大龙山店);松石支路206附近;29.5922;106.5025;null;null
凯尊租车;南湖路18号;29.5158;106.5691;13883979299;null
柒月租车(龙头寺店);天宫大道97附22号;29.6009;106.5512;null;null
南坪辉梦租车;江南大道69号海德酒店;29.5203;106.5757;null;null
途牛租车;龙溪街道松牌路149号附4号;29.5967;106.5176;13368212223;null
大方租车;杨梨路206附近;29.5531;106.4397;null;null
二娃车车;移动商店,出租车正规出租车;29.5537;106.5739;15111806111;null
宜帆租车;盘溪三支路3号附近;29.5936;106.4819;null;null
亮典租车;洋河北路9号附4号;29.5862;106.5369;023-86716021;null
重庆名艺汽车租赁;钢花路1032号;29.4698;106.4856;18580029132;null
田雨租车;建新东路81号-西40米附近;29.5792;106.5565;13983097462;null
弹个车体验店融汇大道;李家沱融汇半岛融汇大道56号;29.4675;106.5164;18723332246;null
兄弟租车行;桂南大道1附7附近;30.3184;107.3392;18225233118;null
鸿途汽车租凭;云江大道1732号附近;30.9368;108.6933;null;null
平安汽车有限公司租赁部;南宾镇二环路万寿大道47号;29.9949;108.1203;null;null
勇程租车;洋河路74附近;29.5788;106.5418;null;null
盼达用车(石子山体育公园);石子山体育公园北门2号岗室外停车场;29.6053;106.4904;null;null
锐雯汽车租赁有限公司;环球广场九楼E2-3;29.5589;106.5465;null;null
神州租车;松石支路与龙山三路交叉口西150米;29.5952;106.5007;4006166666;null
递谊租车;朝阳路6号附近;29.5171;106.4534;null;null
陆裕汽车租赁;杨公桥与杨梨路交叉口西南100米;29.5625;106.4478;null;null
帷幄租车;人民路197号附近;29.5596;106.5509;null;null
乐淘租车;经开区南湖路26号10幢1-13号;29.5133;106.5667;023-62771116;null
头等舱租车;红石路3-10号西南70米;29.582;106.5201;18623459119;null
OTOT租车;松石大道119号附近;29.5829;106.5018;null;null
瓦尔塔电池汽车租赁;沙坪坝站西路;29.5552;106.4521;null;null
拉恩租车;南兴路228号-附23号附近;29.5199;106.5717;null;null
狼群汽车租赁;龙吟支路和龙吟路的交叉口附近;29.4935;106.5421;null;null
盼达用车(两江天地);金开大道两江天地迪卡侬前;29.6248;106.5303;null;null
市租租赁;红黄路89号中北大楼临街门面;29.5861;106.5323;null;null
启达租车;康园路1号附近;29.6009;106.5299;null;null
黄桷坪川美;黄桷坪正街建新路黄桷坪正街停车场建新路;29.4898;106.5437;null;null
南坪恒初租车公司;江南大道8号-附4号;29.5266;106.5687;13996135271;null
永鼎租车;龙山大道188附近;29.5889;106.4994;null;null
重庆凯利捷租车;江南大道8号-附22号;29.5249;106.5699;18983352070;null
珠峰汽车租贸;107省道与208省道交叉口南150米;29.2652;106.2314;null;null
绿领租车;大庙村附近;29.9726;106.4063;null;null
双天汽车租赁;几江街道泡桐树街8号;29.2787;106.2557;null;null
中远租车行;江南大道35号山河大厦;29.5237;106.5726;023-89816386;023-66640759
臻畅汽车租赁;泡桐树街;29.2764;106.2556;null;null
旺川汽车租赁公司;昌州大道西段107附近;29.3663;105.8874;null;null
神州租车;滨江大道西段133号附近;29.2812;106.2476;null;null
千里达租车行;光彩大道与G85渝昆高速交叉口东北50米;29.3709;105.8772;null;null
德感汽车租赁;德感正街17附近;29.2765;106.2356;null;null
神州租车;白塔支路与白塔路交叉口西150米;29.9803;106.2736;null;null
一嗨租车(翠云轻轨站送车点);金开大道1791号;29.6857;106.5729;null;null
乐泰汽车租赁;大洪河正街与长洪公路交叉口北150米;30.0024;106.9601;null;null
汽车租赁;滨江大道附近;29.7026;107.408;null;null
跃海汽车租赁;回龙路三号楼疾控中心旁;29.0442;106.6444;null;null
HY&徐豪车租赁;和顺大道381附近;29.3652;105.951;null;null
顺鑫汽车租赁有限公司;滨河大道附近;29.0399;106.6842;null;null
瑞程汽车租赁有限公司;金川大道电子园公寓L号门;29.8406;106.0886;null;null
运安汽车租赁;龙城大道;29.8518;106.0802;null;null
李小姐的店;大新街105附1号附近;29.2537;106.9811;null;null
龙吉汽车租赁有限公司;迎宾路258附近;29.8289;106.0561;null;null
琦琦汽车租赁;巴川街道办事处云龙街94号;29.8376;106.054;023-45686565;15310192029
快诺汽车租赁;建兰路与石新路交叉口西50米;29.5188;106.4567;null;null
一嗨租车(鲁能星城送车点);鲁能大道666号鲁能星城9街区A区麦当劳门口;29.595;106.5604;023-63067217;null
盼达用车(康田西锦);科技大道120号;29.5091;106.4587;null;null
一嗨租车（光电园送车点）;黄山大道中段星汇两江旁;29.6166;106.5024;023-67561169;null
一嗨租车(红旗河沟送车点);红旗河沟渝通宾馆门口;29.5869;106.5262;023-67561169;null
至尊用车(重庆解放碑店);解放碑较场口恒通云鼎国际公寓A座10-4号;29.5547;106.5762;18602327700;null
尊腾汽车租赁;滨港路73附13号(碧津3号线轻轨站上行200米);29.7134;106.6325;023-67175113;null
睿驰租车;李家沱正街时代壹佰7-4;29.4642;106.5461;18983352070;null
鸿运汽车租赁一公司;北山大道184号;30.8216;108.3892;null;null
创业路;创业大道97号华伟冻库室外停车场;29.5022;106.4495;null;null
永鼎租车(奥体店);奥体五支路33号附近;29.5238;106.5087;null;null
重庆爱妃汽车租赁有限公司;大竹林街道楠竹路5号1-1-6;29.6234;106.4795;null;null
一嗨租车(东和春天送车点);松石路东和春天交通银行旁;29.5917;106.5046;023-67561169;null
盼达用车(鼎吉驾校);陈家桥轻轨站出口20米;29.6077;106.3289;null;null
重庆华畅租车;科园四路龙湖新壹城1号楼4033号;29.5288;106.4919;023-68032252;null
龙腾汽车租赁;青龙路132号;30.928;108.6975;023-85868111;15334605756
九龙坡万庆租车公司;渝州路29号;29.5334;106.4865;null;null
重庆速运汽车租赁有限公司;人和香锦路4号;29.6143;106.5316;null;null
启顺租车;渝新路235号半山公馆斜对面;29.5388;106.4856;023-68882937;023-88603423
滨江租车行;江滨路69号北80米;29.3892;106.5154;null;null
凯利捷租车;鱼胡路4-27附近;29.3757;106.5338;null;null
颂车小站(02023);左岸陈桥37号附3号;29.6176;106.3404;null;null
园博汽车租赁;金剑路416附近;29.5779;106.2309;null;null
大方租车;兰馨大道6号14幢10附近;29.6988;106.6057;null;null
颂车小站(02007);大学城南路;29.5989;106.2995;null;null
重庆超程环卫有限公司;龙溪镇松石支路51号1幢1-8-3;29.7035;106.5983;18623321299;null
辉腾租车(洋河一路店);洋河2村66号;29.5808;106.5303;13350311788;null
颂车小站(02021);大学城南一路;29.5832;106.283;null;null
盼达用车(思源福居);复兴街思源福居公租房三组团内;29.808;106.553;null;null
携程重庆机场租车中心;两路街道江北机场T2对面;29.717;106.6354;15683276555;null
服众快车;到丁家永川;29.4814;106.2424;15223101979;null
乾亨租车;双龙东路126号;29.7038;106.6283;null;null
车速递租车;双龙东路124附近;29.7038;106.6283;null;null
辉逢汽车租赁;云开路1号附近;29.8159;106.3981;null;null
太享利房车租赁;泉山路北50米;29.5872;106.2122;null;null
重庆金钥匙科技服务有限公司;龙山二路6-附12号附近;29.5974;106.5013;null;null
邦达租车市租三公司;空港大道596号附近;29.7396;106.64;null;null
泰东租凭;几江街道鼎山大道351号;29.2786;106.2594;null;null
朋源租车;铝城西路;29.3038;106.3313;null;null
悟空租车(东湖南路店);东湖南路82附近;29.6026;106.5419;null;null
重庆凯利捷租车;南坪镇学府大道50号附6号;29.4974;106.5731;18983977848;null
畅通汽车租赁;青龙路四巷9号;30.9319;108.6951;15823720118;null
巴南名艺租车公司;融汇大道西流沱巨星花园A区;29.4608;106.5202;18580029132;null
重庆道达汽车租赁公司;华玉路433号附10号;29.4835;106.4366;19908327779;null
盼达用车(金凤电子产业园);凤笙路金凤电子产业园园区宿舍大门内;29.5389;106.3134;null;null
滴滴租车;null;29.6023;106.5512;null;null
桐叶租车(重庆北站店);丁香路8号附14号;29.6022;106.5513;023-67684208;null
古道租车行;黄桷垭后街26号附近;29.5364;106.6034;null;null
颂车小站(05017);渝南大道52号;29.4663;106.5624;null;null
好运道汽车租赁;民安大道136号附近;29.6112;106.527;null;null
忠义龙;仁和压铸有限公司;29.6191;106.4778;13658286478;null
达至汽车租赁有限公司;协信星光天地4栋17-4;29.6277;106.5328;023-63885402;null
一嗨租车(九公里店);渝南大道70号附74号;29.4579;106.5581;13274006797;null
颂车小站(04015);天吉路;29.6171;106.5473;null;null
盼达用车(四公里枢纽站);烟雨路四公里枢纽站出租车入口处;29.517;106.5783;null;null
69号超跑租赁;天福路61号附21号;29.6194;106.5538;null;null
快诺汽车租赁;渝南大道128号东北80米;29.4343;106.5511;null;null
艺城租赁;腾龙大道61附近;29.5991;106.6003;null;null
盼达用车(国博中心);国际博览中心北登陆厅正前方150米P2停车场;29.7256;106.5462;null;null
KK租车;渝澳大道1912-1914号附近;29.5851;106.5212;null;null
新东福汽车租赁;洋河北路11号附7号;29.5861;106.5381;13350334356;null
悟空租车(江北机场);江北机场国内到达6号门;29.7175;106.6382;null;null
宜度租车;晶瑞大厦2栋15楼;29.5992;106.5481;null;null
盼达用车(龙兴福居);普福大道龙兴福居公租房商业街停车场出口;29.7128;106.7887;null;null
至尊用车(重庆沙坪坝店);汉渝路13号附1号8-1号;29.5584;106.4658;023-63736671;null
渝运租赁;泰山大道东段119号集散中心;29.6061;106.5532;null;null
君畅租车;回兴城北蓝色星空1幢(回兴立交东);29.6774;106.6093;null;null
顺达汽车租赁;桃花源大道中路与桃花源大道南路交叉口东南50米;28.833;108.7687;023-75581111;13193241777
盼达用车(天堡福居);龙兴镇两江大道天堡福居公租房小区;29.6835;106.7606;null;null
重庆尊呈租车公司;红原路111号东原D7区三期2栋18-8号;29.5715;106.4983;13340224777;null
一嗨租车(汽博中心送车点);金童路轻轨站2号出口复地复城国际旁;29.6435;106.5677;023-63067217;null
众信汽车租赁;双龙西路与飞湖路交叉口北100米;29.7047;106.618;null;null
宏达汽车租赁有限公司;八一路260号恒通云鼎A座19楼4室(恒通大厦);29.5543;106.5763;15159908698;null
荣归租车(江北机场店);江北国际机场停车场1区;29.7137;106.636;15823111163;null
盼达用车(大学城地铁站);大学城北路139号(大学城地铁站旁);29.6077;106.31;null;null
诚运租赁公司;钟楼支路2号附2号;29.1532;107.0963;023-85622888;null
邦能汽车租赁;渝新路260号附2号;29.5375;106.4873;023-68526026;13637777573
金港租车(珠江国际店);北城路珠江国际B区车库旁;29.5722;106.5614;null;null
酉州车行;桃花源镇翠屏山大道中路11号;28.837;108.7707;023-75581566;18325230655
华狮租车(科园六路店);科园六路附87号;29.5326;106.4988;13436000009;13708358145
盼达用车(绿城两江御园);龙兴镇绿城两江御园售房部东侧;29.6869;106.814;null;null
盼达用车(天骄年华);凤天大道巴味堂正门;29.5325;106.4561;null;null
福斯德汽车租赁;太白路99号附7号1-37;30.807;108.3802;023-58123933;13983525315
盼达用车(天鑫花园);花园中路94附9号;29.5398;106.4533;null;null
喜亿租车(兴盛大道店);兴盛大道36号;29.5863;106.5474;023-67101199;18883333005
万运汽车租赁;国本支路9号;30.8166;108.3693;023-58126678;18323721678
神州租车(朝天门广场点);信义街与朝千路交叉口东北100米;29.5663;106.5871;4006166666;null
奔途汽车租赁有限公司;-江北-五里店五里店原茶园车站现融景城车站旁;29.5863;106.5646;18983028819;null
盼达用车(升伟·中环广场);虎歇路升伟·中环广场露天停车场;29.5437;106.4995;null;null
盼达用车(巴国城);红狮大道6号巴国城石生国际茶城门前;29.5;106.4752;null;null
宜帆租车(龙湖源著南区);龙湖源著南区21幢18-15;29.6;106.4897;023-86911468;null
重庆中天汽车租赁有限公司;冉家坝龙湖紫都星座B栋404;29.5846;106.4972;023-67534376;null
盼达用车(启迪协信城立方);大学城启迪协信城立方西区商业2对街画线停车位;29.5831;106.3114;023-86064346;null
盼达用车(盘龙金茂悦);盘龙正街金茂悦商场露天停车场内;29.5071;106.493;null;null
迪卡租车;西子路51号附近;29.4998;106.5181;023-68031292;null
环磊租车;天宝路与直港大道交叉口东北50米;29.5093;106.5217;null;null
一嗨租车(皇冠假日酒店送车点);南坪东路587号重庆滨江皇冠假日酒店内;29.5401;106.5827;023-62819901;null
尚磊汽车租赁;虎头岩立交;29.5456;106.4968;null;null
巴山驾校;石美路巴山公交站旁驾校内;29.5205;106.468;null;null
酉阳县旺顺租车行;桃花源大道中路219号华章财富国际2F38号;28.8339;108.7689;13224042666;null
重庆亨韵汽车租赁有限公司;小龙坎新街99号12-c2;29.5598;106.4621;023-65361521;15823422110
途泰汽车租赁;交通路189号附近;29.5261;108.7693;null;null
途信租车(官坝店);官坝路汽车东站进口斜对面;29.5265;108.7906;13272663456;null
吉景商贸有限公司汽车租赁部;建北一支路8号新上海大厦A栋06-20号;29.5746;106.5338;null;null
久航租车;石新路61号3单元2层;29.5213;106.474;023-68611314;null
驹安行汽车租赁有限公司;观音桥建新西路4号附7号拓展大厦18层;29.5722;106.5315;null;null
盼达用车(君顿秀邸酒店);服装城大道48号君顿秀邸酒店停车场(酒店正大门左侧);29.6649;106.6157;null;null
重庆万国汽车租赁有限公司;长江一路69号万国大厦商务D区;29.5471;106.531;null;null
华达租车;江城大道378号(合川区政府斜对面);29.9726;106.2789;null;null
重庆天创汽车租赁有限公司;西科二路30号;29.6011;106.3819;023-65665107;17723530226
七七租车;金建路中国邮政南100米二姐平价超市旁;29.4449;106.4474;15086709080;null
递谊租车;石坪桥横街58号附近;29.5176;106.5043;null;null
盼达用车(大竹林轻轨站);恒山东路与恒山西路交叉口东南附近;29.6289;106.4789;null;null
盼达用车(互联网产业园);两江新区互联网产业园C7栋4层;29.6226;106.4924;null;null
一嗨租车(沙坪公园送车点);沙坪坝公园南门;29.5508;106.4581;023-65803580;null
启顺租车石桥铺分公司;长大路2号半山公馆对面;29.5389;106.4857;023-88603423;null
重庆华泰汽车租赁有限公司;民族路18号新重庆公寓9层;29.5613;106.5821;null;null
安达小汽车租赁公司;二环路;29.992;108.1176;15736664885;15730255809
捷通汽车租赁;高笋塘1号附6号(万州宾馆停车场入口处);30.812;108.378;023-58256699;null
乐达汽车租赁;松石北路与松石支路交叉口西北50米;29.5849;106.5037;null;null
瑞安租车(珊瑚路);南坪西路1号西计大厦9层;29.5281;106.5673;023-86228388;null
石井坡(中心路);石井坡街道中心湾中心路旁停车场;29.5963;106.4427;null;null
恒冠租车;泰山大道东段29号;29.605;106.5445;null;null
重庆恒冠汽车租赁;泰山大道东段39号;29.6051;106.5445;023-66978888;13228548888
泰东租赁柏林分公司;鼎山街道鼎山大道351号;29.2786;106.2595;023-47565099;13594652999
市租汽车租赁;红黄路89号中北大楼旁;29.5863;106.5324;null;null
鑫煌租车;金龙路12号尖峰茶楼停车场;29.5835;106.512;13667690269;15215119818
重庆良鸿汽车租赁有限公司;科园一路3号渝高大厦4层11;29.5315;106.4857;null;null
丰华租车;大石坝首创鸿恩4期1号楼12-16;29.572;106.4992;023-86860046;18883671810
豪邦租车;新溉大道231号附12号;29.6016;106.5337;023-60390267;null
腾达汽车租赁(重庆店);建北四支路2号北辰名都1层;29.577;106.5302;023-67966026;null
福安租车;金龙路与龙华大道交叉口南50米;29.5896;106.5172;null;null
盼达用车(停用);中医院对面商社物流公司内;29.4937;106.4849;null;null
盼达用车;大学城思贤路东方剑桥春风幼儿园对面;29.5885;106.3054;null;null
铄灵租车;凯歌三支路8号;29.6949;106.6111;023-67343371;15310447162
驰翔租车;盘溪四支路170号附近;29.5858;106.486;null;null
庆旅租车(云岗路店);云岗路2号附24号;29.6103;106.5261;13370768111;null
巨顺汽车租赁有限公司;石坪桥横街1号;29.5184;106.5056;15310337599;18996205229
重庆交运租赁(海棠溪旗舰店);烟雨路重庆四公里交通枢纽站旁;29.5187;106.578;023-62881133;null
乐升租车(白鹤路店);白鹤路52号附5-附8号;29.5161;106.5478;023-86336716;15683451319
盼达用车(白鹤枢纽站);南湖支路白鹤枢纽站电动客车充电站背后停车场;29.5111;106.566;null;null
和瑞租车(九龙坡店);白马凼建材市场旁;29.5388;106.4787;null;null
天天租车(红军路);红军路与翠屏山大道南路交叉口西100米;28.8264;108.7743;13101178585;null
优蓝汽车租赁;南坪正街96号附近;29.5376;106.5697;null;null
重庆东和汽车租赁有限公司;鼎山大道261号附2-4;29.2768;106.2565;023-47222777;13637887223
重庆上邦汽车租赁公司;南坪东路15号新洲大厦;29.5295;106.572;15922617673;null
甲壳虫租车公司;拓展路与腾滨路交叉口东北50米;29.5921;106.5917;null;null
一嗨租车(五里店送车点);五里店欧亚达家居生活广场;29.583;106.562;023-63067217;null
荣升租车;党校路与天梨路交叉口西北50米;29.5498;106.4505;null;null
万庆租车;天梨路218号附9号;29.5514;106.4398;13399880875;null
168租赁行;桃花源大道南路369号;28.8246;108.7748;13996951022;15023992333
假日租车(北部尚座店);红石路5号北部尚座31-10室;29.5829;106.5248;023-68171077;023-68171369
先建租车(长生路);长生路47附52号附近;29.5036;106.6628;null;null
先建汽车租赁(腾黄路);弹子石红星腾黄路盘龙花园B区西门;29.5997;106.6024;4000023991;13047388858
神行者租车(金港路);金港路138号;29.6841;106.5993;023-61302211;null
诚必合租车;天马山沿河西路陈家桥医院西北50米;29.616;106.337;023-65008006;17723779767
沙坪坝富荔源租车公司;汉渝路18附14号;29.5579;106.4675;023-65335899;13658361188
东尊租车;宏帆路3附近;29.5919;106.4629;023-67669759;null
乐亿美租车;杨梨路融汇温泉城圣地亚北区224号附2号;29.5528;106.4396;18223221968;null
创言汽车;天宫大道97附17-18号附近;29.6013;106.5511;null;null
渝汇汽车经纪有限公司;海尔路199号;29.6138;106.5794;13320260220;null
宜帆租车(新南路店);新南路145号附12号;29.6;106.5134;023-67122419;15870477855
干鼎租车;大坪长江二路174号长城酒店1楼;29.5336;106.5148;023-68960692;null
速达汽车租赁;跃进支路与跃进路交叉口东150米;29.4892;106.4959;null;null
优达汽车租赁签约中心;大坪时代天街3号3107室;29.5387;106.5121;17388290777;null
星昊租车;五童街与红黄路交叉口东北50米;29.5884;106.5405;15002346868;null
中祥租车(冉家坝店);旗龙路60号附27号(太阳园车库出口)左侧;29.5936;106.4949;18723231606;null
立荣租车;港汇路88号附108号;29.7313;106.6322;null;null
明双租车;龙头寺天宫大道136号;29.6013;106.5503;023-67535250;18302388880
崇熙租车;奥体五支路金牌大厦12-7号;29.5237;106.5086;023-86378976;4006696595
宜帆租车(龙山一路店);龙山一路322号;29.5989;106.4946;13883222230;null
盼达用车(石桥广场);渝州路59号石桥广场停车场;29.5364;106.4925;null;null
尚益达租车(龙头寺店);泰山大道东段60号附10号;29.6028;106.5523;023-67880076;15223339122
松源汽车租赁;红锦大道570号(近锦绣山庄);29.6102;106.5215;023-67504500;null
专城租车;嘉华隧道与大坪正街交叉口西100米;29.5408;106.5196;023-68009096;15025302950
盼达用车(海洲国际);新牌坊云杉北路81号海洲国际小区露天停车场;29.6138;106.5186;null;null
盼达用车(重庆师范大学);站西路重庆师范大学后门50米处(沙铁村对面停车场内);29.5556;106.4538;null;null
汇程租车;龙塔街道华园路一巷38号;29.6026;106.559;13251321888;18523162317
西捷租车;五黄路与渝鲁大道交叉口东南150米;29.5856;106.5628;null;null
科达租车(龙头寺店);新溉大道402号附35号;29.5983;106.5537;15823111127;null
金美租车(龙头寺店);丁香路8号附16号;29.6021;106.5512;023-67684208;023-67717690
盼达用车(大黄路);大黄路公交车站天澄堡社区旁;29.5358;106.5225;null;null
呼应汽车租赁(余松一支路);余松一支路2号附近;29.585;106.4971;13667695553;null
一嗨租车(燕山会馆送车点);红原路92号;29.5686;106.4892;023-63276280;023-67561169
一嗨租车(解放碑便捷点);新华路201号联合国际车库入口;29.5571;106.5821;15683685848;null
重庆市先建汽车租赁有限公司;涂山路574号4-1;29.5777;106.601;023-62787585;023-62508245
华廷租车;松牌路96号;29.5907;106.5144;null;null
重庆嘉禾婚车租赁;花园路10号龙锦苑小区3栋17-6;29.5268;106.5554;13983699975;null
悟空租车(火车北站);丁香路8-16号;29.6023;106.5514;023-67684208;4000515507
中安汽车租赁;红锦大道与锦坪街交叉口东北50米;29.5891;106.5253;null;null
鑫汇汽车租赁公司;龙泉路71号;29.4954;106.4885;023-68837466;null
中南汽租;红黄路20号(洋河三路路口);29.5856;106.5327;null;null
盼达用车(邢家桥社区);万年路邢家桥社区停车场内;29.6195;106.5295;null;null
一嗨租车;五童路奥飞马1-5;29.5886;106.5403;null;null
重庆万雄汽车租赁;松石北路与松石支路交叉口西50米;29.5849;106.5037;null;null
龙搏租车;长江二路88号爱华龙都大厦;29.5409;106.5203;023-89310601;023-68718190
正大租车;红石路5-2附近;29.5825;106.52;023-67627772;13220271288
欧冠祥汽车租赁;渝航路四巷6号;29.719;106.6336;023-67174766;13883472561
易游租车;旗龙路60附近;29.5935;106.4954;13648385980;null
九通汽车租赁;观音桥阳光城6楼;29.5765;106.5311;null;null
一嗨租车回兴轻轨站送车点;回兴镇街道兴科大道299号农村商业银行;29.6899;106.6058;18883365499;null
世鼎租车;石新路2号附18号;29.5282;106.4799;13368476888;023-86970049
神舟租车;喜地山戴斯大酒店附近;29.7172;106.6353;null;null
盼达用车(海悦香缇);宏帆路91号海悦香缇小区入口处;29.5914;106.4668;null;null
安利达汽车租赁公司;万寿大道104-3号;29.992;108.1175;13648235234;15683003888
顶皓汽车租赁有限公司;金紫街116-17号附近;29.5209;106.5665;null;null
华锋汽车租赁(沙区站);民生路9号阳光星座;29.555;106.5736;023-66690892;023-66579373
重庆鑫港租车公司(渝北总店);丁香路8号附22号;29.602;106.5511;023-86622019;023-86077107
驰程租车(锦龙苑东南);上游三村8号1一2号门面;29.4994;106.5086;13657696626;023-62228899
重庆百艺租车行;河滨西路北段48号;29.5345;108.7802;13908270518;null
小什字汽车租赁;新华大道中段与联合街交叉口南50米;29.5255;108.7876;null;null
重庆禾易汽车租赁有限公司(江津店);鼎山大道58号金科世界城27栋2单元2-6号商铺;29.2692;106.2556;023-47538085;null
驰程汽车租赁(渝新路);渝新路260附6号;29.5375;106.4873;023-68526026;null
八方租车(谢小路店);谢家湾正街47号艾佳A栋1层;29.5181;106.5171;023-68669619;null
安畅汽车租赁行;青龙路313号;30.9324;108.6941;15084307676;null
恒通汽车租赁(关坪路);关坪路107附近;30.9225;108.7107;13668427988;null
鼎隆汽车租赁(观音桥店);建新南路11号浩博天庭一楼大厅;29.5715;106.535;023-67521122;13389648777
鑫盾汽车租赁(津西花园店);西园路69号附32号;29.2779;106.2556;023-85533266;null
奥邦汽车租赁;科园四路75-77附近;29.5332;106.4944;15802382055;null
神州租车(重庆江北机场T2航站楼店);重庆江北机场T2航站楼租车专用停车场;29.7183;106.6359;4006166666;13368386983
安峰汽车租赁;璧城街道文星路10号;29.5861;106.2369;023-87380868;13883206218
尚途租车;康恒路19号;29.4973;106.5678;13500367848;null
良鸿汽车租赁公司;科园四路11号附近;29.5341;106.4946;null;null
龙城汽车租赁(水巷子店);兴农东街58号龙华汽修厂斜对面;29.839;106.0605;023-45676111;13983683427
1号租车(南坪店);亚太路9号附86号;29.5357;106.5596;null;null
南坪中祥租车公司;江南大道万达广场商务公寓4栋24-3号;29.5252;106.5697;023-86228298;18723231606
佳州汽车租赁;北山路与渝东步行街交叉口北50米;30.8257;108.3903;023-85731788;null
快速汽车租赁;鸡冠石路3号附49号;29.6063;106.2288;023-41600811;13320338025
吉安汽车出租;璧城街道远林二街2附1号远林雅宇豪苑东区;29.5936;106.2241;13628312682;null
弘达汽车租赁;文星路与璧青路交叉口西北50米;29.586;106.2373;null;null
明鹏租车(五红路店);五红路17附26号;29.5838;106.5559;023-86622199;023-67126798
重庆凌云汽车租赁有限公司;临江路89号天伦华苑;29.558;106.5722;null;null
翔龙汽车租赁有限公司;安庆路103-34号;30.7605;108.4408;023-58544186;13668478188
鸿升汽车租赁有限公司;福顺路11号2栋41号;29.5563;106.2259;023-41510516;13667668111
盼达用车(沙滨路桥下停车场);沙滨路秋水与宝嘉段桥下停车场;29.5716;106.4691;null;null
奔途租车;易家沟长安医院旁13号;29.5767;106.5518;023-67122235;18983028819
重庆荣归租车公司;洋河二路计生医院上行50米;29.5846;106.5317;15823111163;15823320830
一嗨租车人和送车点;人和大道附近北城医院大门口;29.6205;106.5283;023-63067217;null
易游租车;新南路162号水晶星座13-11号(会馆旁);29.6014;106.5041;023-63111511;null
陆航者租车(人和店);人和天来酒店旁;29.6306;106.5317;023-63421366;null
重庆驷途汽车租赁;南坪西路63号附近;29.5281;106.5547;null;null
腾达租车(天宫大道店);天宫大道94号附6号;29.6035;106.5504;023-63019868;13062345666
盼达用车(同创高原);高九路经纬大道1098号同创高原商业广场;29.5456;106.4841;null;null
沃克汽车租赁;丹龙路5号;29.5147;106.5426;null;null
叮叮租车(花园新村店);松石大道111号丰业小区B栋1-23号;29.5828;106.5019;023-88567649;17783907855
一嗨租车(冉家坝店);旗龙路60号附34号;29.5936;106.4945;023-67561169;null
韵辰租车;天瑞路17号5栋附73号;29.6178;106.5487;023-67305516;18523955529
纬度租车;都市花园东路66附66号;29.5421;106.4545;023-61718808;null
商旅租车;五红路40号附1号;29.5842;106.5516;13220271288;null
机场快车;渝航大道T3航站楼2F层;29.7092;106.6554;null;null
一嗨租车;新溉大道郑家院子站内;29.5991;106.5301;023-63067212;null
明翼汽车租赁;泡桐树街9号;29.278;106.2559;023-47228107;null
黎飞汽车救援;金山路10号附7号;29.5191;106.5587;null;null
中御租车&婚车之家;茂业天地1720;29.5778;106.5311;4000018520;15213641359
津源租车;电测村231号;29.5775;106.5268;null;null
鸿通汽车租赁;青龙路152号;30.928;108.6971;15123573515;13123573515
盼达用车(四川外国语大学);壮志路四川外国语大学新校区后门旁翰阳驾校内;29.5642;106.4332;null;null
行车道汽车互联网;南滨西路12号附3号;29.5142;106.5411;023-62813070;null
重庆市出租汽车有限责任公司;红黄路90号中北商务大楼B座6层;29.5861;106.5322;023-67525800;null
重庆速达汽车租赁有限公司;兰花小区路口建设银行旁;29.5181;106.4581;023-68883622;13752978078
友途租车;翠湖路315号1-15号;29.7019;106.6262;023-67288877;null
兴展租车;天马路186号;29.543;106.4581;null;null
浩辰租车;兴隆苑59号;29.5184;106.5746;13500357333;null
重庆神行者租车;沙中路;29.5614;106.4663;023-66600006;023-61302211
江北宿安租车(江北店);北城路82号附1号;29.5731;106.5593;023-67127530;null
卡思租车;南兴路228号附23号(渝能都市经典);29.52;106.5717;023-62477773;18883333290
盼达用车(凯帝国际);烟雨路1附14号凯帝国际网球俱乐部内;29.5356;106.5862;null;null
吉景汽车租赁;江南大道7号2栋韵阁15-12;29.5322;106.5665;023-89009996;null
恒强汽车租赁;兴科大道522号;29.6844;106.5949;023-67457666;null
铭中汽车租赁;辅仁大道25-附1-9号附近;29.5321;106.5789;null;null
沙坪坝超雅租车公司;天马路与马家岩立交交叉口东南100米;29.5402;106.4649;17723117099;null
伟进汽车租赁;泡桐树街65号;29.2767;106.2553;023-47519500;13002340759
重庆法诺迪汽车租赁;经纬大道1109-附4号附近;29.5426;106.4811;null;null
潘冉汽车租赁;官坝路锦绣苑339号;29.5292;108.7904;15696900900;null
彩梦租车;南坪金山路146-2号;29.5191;106.5642;17384709175;null
豪贷租车;南兴路239号;29.5181;106.5714;null;null
盼达用车(兰花湖公园);回龙路;29.5039;106.5714;null;null
公运出租;杨渡二村;29.4959;106.5014;null;null
艾美租车(海德门店);南兴路与江南大道交叉口东100米;29.5203;106.5757;null;null
盼达用车(南坪汽车站);江南大道15号;29.5274;106.5706;null;null
一嗨租车(江北机场T2店);一嗨租车江北机场t2店;29.7173;106.6355;023-61304988;null
顺安租车(嘉州路);加州花园C-1栋;29.5883;106.5242;023-67502188;null
瑞安租车(南城丽居西南);江南大道29号渝能汽配城1-109号;29.5243;106.5729;023-86228388;023-86228399
西永老街;西永街道赖白路西永医院旁露天停车场;29.5849;106.3775;null;null
中尊租车;新溉大道567附近;29.5986;106.5611;null;null
永发租车(天陈路店);天陈路31号1-1-4室;29.5525;106.4591;023-65312790;null
盼达用车(力帆中心);力帆中心1层(精美国际俱乐部前行100米);29.5688;106.5731;null;null
商社汽车租赁公司;袁家岗2号;29.5318;106.5167;023-68703188;023-68707688
一嗨租车(龙头寺店);泰山大道东段60号附15号;29.6027;106.5522;023-63067217;null
瑞卡便利租车(狮子坪轻轨站店);山茶路49号;29.6007;106.5478;13826221446;null
一嗨租车(杨家坪店);西郊路上游三村7号附1号-31幢1单元附1-2;29.499;106.5081;023-68404892;4008886608
旭升汽车租赁;人民路123-1号蒲田大厦1506室;29.5628;106.5557;023-63500379;023-63890654
九鼎汽车租赁(文风路店);文凤路220;29.5849;106.2296;023-85288466;13640511588
神州租车(南坪会展中心店);南坪会展中心广场对面会展花市1号出口旁;29.5349;106.5644;023-62753912;4006166666
神州租车(江北力帆体育场店);洋河四路(卜蜂莲花超市收货区旁);29.5858;106.5339;023-67871760;023-67871780
诚信汽车租赁行(桃花源大道南路);金银山大道南路477号附近;28.8276;108.771;15310581888;18996975038
明强租车;江南大道1-18号附近;29.5315;106.5658;023-62604098;null
畅行租车(总店);都市花园西路146号;29.5388;106.4491;13983417779;15723255558
友诚租车(金龙路店);金龙路12号建设银行对面;29.5838;106.5118;15215119818;null
五福租车;开州区滨湖中路785号附近;31.1756;108.3944;null;null
洋芋租车;汉丰街石龙大桥转盘;31.1762;108.3944;13509442222;null
舒捷婚庆租车;开州区凤凰路226;31.1727;108.3953;17059570555;null
天龙租车;开州区开州区百成街68;31.1666;108.4064;15223519916;null
重庆市大足区畅运汽车租赁有限公司;海棠路与龙中路交叉口东100米;29.6954;105.7218;15683359087;null
吉运租车;百成街28号;31.165;108.4066;023-52787776;15523005000
罗马租车行;汉丰街175号附近;31.1583;108.3666;13628222906;18182338840
宏达租车;汉丰街道驷马社区百成街52号;31.1658;108.4063;023-52252177;null
神州租车(涪陵滨江大道涪陵港服务点);滨江大道涪陵港旁两江地下停车场内;29.7121;107.4031;13060255789;null
维格汽车租赁行;金华路328号附35号(摩尼咖啡旁边);29.8271;106.4169;023-68282873;13640566672
广仁汽车租赁;帅乡路458号附近;31.1653;108.3903;023-52248255;null
重庆衫基汽车租赁有限公司;火车站大道2号附143号;29.1502;107.1067;023-71666101;13452574333
强宇汽车租赁;丹凤路与香林北路交叉口北150米;28.4502;109.0034;15023973888;null
垫江县互邦出租汽车有限公司;桂溪镇桂西大道凤西街凤西路8号2楼;30.3298;107.3372;null;null
合川区合州车主俱乐部(滴滴优步服务中心);南津街491号;29.9768;106.2762;023-42889799;null
夔澳租车;鱼复街道诗城路117号附111号;31.0142;109.4707;13101083111;13224922333
天华租车行;万盛经开区万盛大道40附近;28.9531;106.9283;13032364587;null
重庆市鹏俊汽车租赁有限公司;火车站大道2号附148号;29.1502;107.1067;023-85630058;13996817432
重庆长途汽车运输(集团)有限公司大学城汽车租赁分公司;盛德路南50米;29.6141;106.3237;null;null
长江租车;北环路27号(博赛豪庭正对面);29.1646;107.1003;023-85631693;13251111117
盼达用车(南坪汽车站);江南大道15号;29.5274;106.5706;null;null
一嗨租车(江北机场T2店);一嗨租车江北机场t2店;29.7173;106.6355;023-61304988;null
顺安租车(嘉州路);加州花园C-1栋;29.5883;106.5242;023-67502188;null
瑞安租车(南城丽居西南);江南大道29号渝能汽配城1-109号;29.5243;106.5729;023-86228388;023-86228399
西永老街;西永街道赖白路西永医院旁露天停车场;29.5849;106.3775;null;null
中尊租车;新溉大道567附近;29.5986;106.5611;null;null
永发租车(天陈路店);天陈路31号1-1-4室;29.5525;106.4591;023-65312790;null
盼达用车(力帆中心);力帆中心1层(精美国际俱乐部前行100米);29.5688;106.5731;null;null
商社汽车租赁公司;袁家岗2号;29.5318;106.5167;023-68703188;023-68707688
一嗨租车(龙头寺店);泰山大道东段60号附15号;29.6027;106.5522;023-63067217;null
瑞卡便利租车(狮子坪轻轨站店);山茶路49号;29.6007;106.5478;13826221446;null
一嗨租车(杨家坪店);西郊路上游三村7号附1号-31幢1单元附1-2;29.499;106.5081;023-68404892;4008886608
旭升汽车租赁;人民路123-1号蒲田大厦1506室;29.5628;106.5557;023-63500379;023-63890654
九鼎汽车租赁(文风路店);文凤路220;29.5849;106.2296;023-85288466;13640511588
神州租车(南坪会展中心店);南坪会展中心广场对面会展花市1号出口旁;29.5349;106.5644;023-62753912;4006166666
神州租车(江北力帆体育场店);洋河四路(卜蜂莲花超市收货区旁);29.5858;106.5339;023-67871760;023-67871780
诚信汽车租赁行(桃花源大道南路);金银山大道南路477号附近;28.8276;108.771;15310581888;18996975038
明强租车;江南大道1-18号附近;29.5315;106.5658;023-62604098;null
畅行租车(总店);都市花园西路146号;29.5388;106.4491;13983417779;15723255558
友诚租车(金龙路店);金龙路12号建设银行对面;29.5838;106.5118;15215119818;null
万方寄用车行;304省道西50米;28.2645;109.0352;null;null
重庆市荣昌区恒易汽车租赁有限公司;五洲国际商贸城5栋1-50-51;29.3993;105.6138;15683183854;null
永安汽车租赁;梁平体育场东90米(马房街西);30.6764;107.8003;023-85910578;18523698539
恒安汽车(七星路);迎凤路181附近;28.4547;109.002;13896467606;13609490030
捷安租车;义洲四街与武陵北路交叉口东北50米;28.4493;109.0135;null;null
远航汽车租赁;迎凤路165号附近;28.4539;109.0016;13996900786;null
盼达用车(蔡家中央大街);蔡家岗镇嘉瑞大道蔡家公交站;29.7363;106.4882;null;null
盼达用车(北碚天府丽正);东阳镇天府丽正小区旁;29.8441;106.4525;null;null
盼达用车(钰鑫集团);金桥路16号金鑫大厦金苑食府门口;29.4523;106.4782;null;null
聚马飞腾新能源汽车綦江区线下体验中心;世纪花城-3期;29.0605;106.6377;023-61273697;18696559603
重庆市威通出租汽车有限公司;鱼洞街道鱼轻路48号;29.3808;106.5142;023-66293868;023-66212874
重庆久友汽车租赁有限公司;奔月路与龙溪路交叉口东南150米;29.8187;106.4308;023-68322256;023-61302655
佳美汽车租赁;文庙街西100米;29.2982;108.1683;null;null
兴旺租车;广东东路317号;31.0845;109.8851;null;null
重庆捷吉汽车租赁有限公司;云华路3号附近;29.8081;106.3956;023-68345933;18502322256
盼达用车(北碚兴苹停车场);中山路老城商圈兴苹停车场内;29.824;106.4369;null;null
盼达用车(两江健康科技城);悦复大道两江健康科技城门前;29.762;106.5398;023-86064346;null
鼎铭;渝巫路北50米;31.0388;108.134;023-52700010;null
重庆隆悦汽车租赁有限公司;群兴路西100米;29.8127;106.4388;null;null
重庆丹和汽车租赁有限公司;滩口正街15号附近;29.8149;106.5169;null;null
黔江区留久汽车租赁有限公司;迎宾大道1869号附近;29.5219;108.7381;null;null
小桔有车隆城汽车租赁重庆分公司;五红路22号附12号;29.5847;106.5551;023-67037196;null
大足兴旺汽车租赁有限公司(龙湖景园店);龙水镇龙湖景园2-4号;29.5606;105.7605;15111800530;null
好友汽车租赁(东风大道店);近郊东风大道76号;30.1873;105.8337;13527543686;null
秀山互邦汽车租赁有限公司;中和街道石莲路86号;28.429;108.9977;023-76862555;null
重庆市全顺汽车租赁有限公司;金佛大道与钟楼支路交叉口东50米;29.1526;107.0958;15123675444;18717023993
金顺租车(机场路);机场路;30.678;107.798;13101003563;null
重庆途牛汽车租赁有限公司;奥体五支路1号金牌大厦4-17;29.5237;106.5086;023-86151434;13368212223
丰都县乐途汽车租赁有限公司;平都大道东段315号2楼;29.8736;107.7426;null;null
盼达用车(北碚龙凤桥);龙凤桥街道龙凤路煤安厂公交站旁;29.8064;106.4323;null;null
重庆市力涵汽车租赁有限公司;书院路6号附14号;29.1477;107.1019;023-71463124;null
白马汽车租赁公司(孙家书房路);青羊宫路与高笋塘后街交叉口西北50米;30.81;108.3741;null;null
重庆市浩宇出租汽车有限公司;花卉园西四路66号;29.5794;106.5104;null;null
重庆环渝汽车租赁公司;八一路260号恒通云鼎A栋10层4;29.5545;106.5763;023-63736071;null
包记汽车租赁接待中心;桃花大道18号附8号;29.8385;107.0804;15178788817;null
重庆市合州汽车租赁有限公司(南津街玫瑰园总店);南津街街道南津街491号;29.9768;106.2761;null;null
顺路汽车租赁;天生街道辽宁路石岩村90号-17;29.8261;106.4344;023-68225788;13983041789
钢琼汽车租赁(将军路);将军路108号;29.8078;106.4115;023-88022661;15922619566
南川区锋洲汽车租赁有限责任公司;东环路181号附8号;29.1513;107.1091;023-64565446;null
重庆锦辉汽车租赁有限公司;九龙大道红星小区门面;29.0584;106.6388;023-48880088;null
科亿汽车租赁;北环路27号附近;29.1646;107.1003;null;null
浪仔汽车租赁;金佛大道119-10号附近;29.149;107.1055;023-71623716;13594557188
信安租车行;金佛大道20号附4号;29.1502;107.1026;023-71450789;13896500238
安茂汽车租赁有限公司;金山丽苑b区;29.1457;107.11;15978989222;null
重庆彩虹汽车租赁有限公司;景同路123附近;29.8518;106.8455;null;null
高宇租赁;文龙街道九龙大道85号红星安置房4栋1-27;29.057;106.6396;023-85391231;18696533526
宏通汽车租赁有限公司;迎宾南路207号;30.2452;108.383;13983574558;null
都市通汽车租赁有限公司江津分公司;泡桐树街与鼎山大道交叉口西南50米;29.2756;106.2555;null;null
重庆市长寿区瑞臻汽车租赁行;桃花大道与金山街交叉口西北100米;29.8383;107.0773;null;null
重庆市子轩汽车租赁有限责任公司;万丰路与五星南路交叉口西150米;29.5809;106.5541;null;null
重庆小马奔腾汽车租赁有限公司(北环路);北环路7号(合川客运中心对面);30.0066;106.267;023-42813205;13983979739
竣翔汽车租赁公司(望祥路);凉亭子89号附33号;29.3499;105.9079;15922792582;18580400322
铜梁巨龙吊车租赁有限公司;南城街道办事处西环路226-230号;29.8358;106.0453;023-45642407;13983486279
重庆市博坦私户营运网约车办理中心;昌州大道中段218号9幢附2号;29.3602;105.906;023-49522387;13527316320
重庆柏萨罗汽车租赁有限公司;国际商务大厦B座15-B1号;29.5289;106.5658;null;null
钢仔租车(总店);金佛大道41号附15号;29.147;107.1095;null;null
重庆恺方汽车租赁公司;金山大道7号附21号;29.1459;107.0983;null;null
穆姐小车租赁;万盛经开区松林路57-1-1号;28.9569;106.9289;023-48001738;13996331159
耀安汽车租赁;金佛大道125号附4号;29.1497;107.1031;023-71622555;17784717019
启富租车;城西路90号附近;29.1617;107.0949;null;null
重庆小马奔腾汽车租赁有限公司(南津街);南津街29号;29.9774;106.2749;null;null
飞哥车行;凤栖北路132号附近;28.4381;109.0;15310580166;null
神州租车观音桥步行街客户自助服务点;建新北路15附近;29.576;106.5302;13638342013;null
一嗨租车（南坪会展中心店);江南大道2号会展花市2号出口;29.5353;106.5644;023-62314858;null
重庆中茂租车公司(渝北五红路店);五红路27号附15号;29.5839;106.5528;023-67015018;null
重庆市大足区畅运汽车租赁有限公司;五星大道666号3幢2-30号;29.6636;105.7342;15683359087;null
重庆市涪陵区杰龙汽车租赁有限公司;望州路3号;29.6958;107.4018;023-72223367;023-72004299
瑞升租赁行;区红十字会医院北100米(泰和路);30.6612;107.7827;13212550655;53338636
一嗨租车(巴南万达广场店);龙海大道5号7幢1-40室;29.3992;106.5422;023-66487604;null
云阳县优力汽车租赁门市;双江街道杏花路102号;30.931;108.6957;023-55336669;13996553553
重庆竟腾汽车租赁有限公司;民主新街25号附近;29.4403;106.5415;null;null
诚信租赁;何家坝路与桃花源南路交叉口西50米;28.8192;108.7777;null;null
一嗨租车（重庆西站便捷点）;重庆西站北循环道社会车辆临时停车场内;29.5035;106.4337;17725112941;null
正大神女租车;广东东路251号1-1;31.084;109.8852;023-57622767;023-57580006
百安商务租车;和平路207号;29.5537;106.5686;023-63639168;null
左中右(重庆)电动汽车服务有限公司歇马直营店;歇马路附近;29.756;106.3639;null;null
燕兴渝黔出租汽车有限责任公司;城西五路8号;29.5274;108.7685;null;null
神州租车大学城轻轨站客户自助服务点;大学城北路轨道1号线大学城站1号出口旁露天停车场(轻轨停车场旁);29.6076;106.3104;4006166666;18580135361
众鑫租车行;万盛经开区万东北路58号;28.9514;106.9262;023-48273128;18983088885
愉凯租车;凤凰路240号;31.1722;108.3945;13098609111;null
月顺汽车租赁;南涪路与平安巷交叉口西150米;29.1621;107.0939;null;null
一嗨租车(江北机场T3店);null;29.7027;106.6579;18983665184;null
一嗨租车(典雅华美达广场酒店送车点);鱼洞云锦路1号典雅天城附近(轻轨鱼洞站对面);29.3738;106.5062;023-66487604;null
林翔汽车租赁公司;南山中路西四巷与永兴街南三路交叉口西50米;31.1612;108.3957;null;null
一嗨租车(三峡移民纪念馆送车点);南滨大道1509号;30.8084;108.401;023-58122859;null
神州租车(九公里典雅戴斯酒店停车网点);九公里渝南大道68号典雅戴斯酒店露天停车场;29.4619;106.5611;null;null
君顺汽车租赁有限责任公司支坪办事处;平安路60号附近;29.2424;106.3897;null;null
重庆交运汽车租赁有限公司北碚办事处;碚南大道392附近;29.8001;106.4117;null;null
沙龙汽车租赁;沙龙路一段1122号;30.8004;108.3722;023-58123789;null
易租通汽车租赁(福康路);金剑路498号2栋3号;29.5638;106.2329;023-41668235;null
神州租车合川文峰东城客户自助服务点;南津街街道文峰东城南门对面(太平桥小区门口);29.9803;106.2736;null;null
重庆市百纪汽车租赁有限公司;洋河北路邦渝花苑3号;29.5835;106.5427;null;null
乐途租车;名山大道309号附近;29.8625;107.7367;null;null
鑫运租车;滨江路8号楼;29.8707;107.7369;null;null
重庆渝易行汽车租赁有限公司;凯歌二支路9号;29.6964;106.6129;13996207018;null
重庆市鼎犇汽车租赁有限公司南岸区分公司;白鹤路155号附3-5号;29.5152;106.568;null;null
重庆百盈汽车租赁有限公司;南兴路与金山路交叉口西北100米;29.5195;106.5714;023-62753728;023-62772007
神州租车(回兴职教中心客户自助服务点);宝桐路308号职教中心大门对面露天停车场;29.6926;106.6003;null;null
重庆交运汽车租赁有限公司云阳分公司;云江大道;30.9378;108.6968;null;null
盼达用车(蔡家同源站);同源路16号力帆三工厂1号门;29.7456;106.4726;null;null
金龙汽车租赁(民营街店);过水巷2号;29.8385;106.061;023-45672469;13206022999
神州租车(万州汽车北站送车点);黑龙江路21号万州汽车北站出站口;30.8458;108.371;null;null
一嗨租车(状元碑店);云轩路55号;29.807;106.3988;023-68262636;null
一嗨租车(巴南佳兆业广场送车点);龙洲湾龙洲大道(巴文化公园斜对面);29.4123;106.5379;023-66487604;null
重庆达的汽车租赁服务有限公司;春申大道336号附近;31.3952;109.5552;null;null
丰都县安达汽车租赁行;滨江东路40号附近;29.8721;107.7354;null;null
驿站网约车江津分公司;鼎山大道223号;29.276;106.256;023-47554557;18512340444
一嗨租车(重庆赛豪大酒店送车点);新市街76号;29.3831;106.524;023-66487604;null
神州租车(西部新城客运站送车点);盛德路南50米西部新城客运站;29.6142;106.3249;18580135361;null
首汽瑞卡租车(重庆南坪会展中心店);亚太路1号1栋裙楼1单元1-B1-39号;29.534;106.5598;null;null
君辉汽贸;津马大道津城首府134号;29.4427;106.2851;null;null
神州租车(重庆凯宾斯基酒店送车点);江南大道2号凯宾斯基酒店(重庆国际会展中心旁);29.5353;106.5612;null;null
荣华运输有限公司汽车租赁部;昌州大道中段466号附1号;29.3994;105.5933;023-46742585;18166440919
五季元食疗养生养老旅游度假基地;铁山坪逸兴路19号1幢;29.6104;106.6899;null;null
神州租车(大学城汉庭酒店送车点);大学城南路富力城2P-3号;29.5993;106.3078;null;null
重庆市足行汽车租赁有限公司;二环北路中段189号;29.7065;105.716;15025466777;null
辉耀汽车租赁有限公司;淮远古韵北街一支路东100米;29.826;106.063;null;null
大方租车(永川店);中山大道东段与官井路交叉口东南150米;29.3535;105.908;null;null
一嗨;凯歌路15号附近;29.6987;106.6216;null;null
锦辉汽车租赁有限公司江津分公司;鼎山大道18号西南50米;29.2756;106.2555;null;null
多多汽车租赁;洋河北路7号附9号;29.5864;106.5361;023-67758825;null
盼达用车(大江轻轨站);大江轻轨站和顺园小区广场;29.3832;106.5008;null;null
自由行汽车租赁;合阳城街道办事处马家沟路36号1栋;30.009;106.2673;17783004199;null
神州租车(二郎金茂酒店停车网点);科城路66号附2号金茂酒店门口露天停车场;29.5093;106.4593;null;null
重庆龙凯汽车租赁有限责任公司;璧青路615附近;29.585;106.2378;null;null
震荣汽车租赁代驾服务有限公司;鼎山大道215号附近;29.2756;106.2553;null;null
一嗨租车;康庄地铁站1号口东50米;29.6349;106.4795;15800350361;null
一嗨租车(洋人街店);腾龙大道50号附56号;29.5969;106.5973;023-62304148;null
神州租车(大渡口沃尔玛停车网点);榕华街与湖榕路交叉口地面停车场;29.4763;106.4811;023-86378929;null
一嗨租车（棕榈泉店）;金开大道1000号附6号;29.6377;106.5432;18883365499;null
神州租车(江津大酒店停车网点);鼎山大道718号前广场地面停车场(江津大酒店停车场);29.2704;106.2752;null;null
神州租车(冉家坝南桥静月送车点);龙山路174号南桥静月小区旁;29.5902;106.4872;null;null
平顺租车;同景路10号同景国际P组团3栋2-9;29.4948;106.6493;15340371210;null
一嗨租车（茶园店）;同景路10号附6号;29.4941;106.6502;null;null
神州租车(北城阳光尚线停车网点);丽园路东大肛肠医院路边停车场;29.6011;106.522;023-67871780;null
神州租车(杰信华府广场停车网点);红光大道62号杰信华府广场内的地面停车场;29.4563;106.534;null;null
重庆永川鸿瑞汽车租赁有限公司;枣园路70号附近;29.357;105.886;15808060958;13883268621
大方租车(大学城店);大学城中路34号10幢1-30号;29.6026;106.3096;null;null
重庆市涪陵区永宏租车有限公司;敦仁街道明瑜国际5栋1-7门面永宏汽车租赁;29.7017;107.4031;null;null
神州租车(涪陵居然之家送车点);滨江大道52号(白鹤梁水下博物馆斜对面);29.7119;107.3912;null;null
重庆川裕汽车租赁有限公司;红光大道62号(杰信华府广场内);29.4561;106.5342;13372664777;null
神州租车(澎湖大酒店自助点);铝城南路;29.3016;106.3327;null;null
一嗨租车(马王场轻轨站送车点);龙泉路轻轨2号线附近;29.4963;106.4887;023-68033495;null
久美汽车租赁(天宫大道);天宫大道狮子坪轻轨站旁;29.6023;106.5505;023-63422225;13018300005
重庆进远汽车租赁有限公司;巴县大道111-5号附近;29.3865;106.5119;null;null
缘莱租车(沙坪坝店);杨梨路226号附6号;29.5532;106.4399;023-65381272;null
重庆市建哥汽车租赁有限公司;金佛大道康盛花园117号附12号;29.149;107.1055;023-71623716;13594557188
华阳汽车租赁抵押中介公司;全兴路与隆西大道交叉口西北50米;29.3772;106.0168;null;null
重庆津航顺汽车租赁有限公司;学院路与431县道交叉口西南150米;29.241;105.8753;13399869215;13996432718
白市驿二社区停车场;白市驿白林路有家超市旁入口;29.4916;106.3722;null;null
松源汽车租赁(红光大道);红光大道;29.4521;106.5464;13500309648;null
一嗨租车(都和广场送车点);李家沱林荫村18号;29.4653;106.5421;023-66487604;null
重庆奕南希汽车租赁有限公司;和畅大道988号35幢2-10;29.338;105.9465;023-61168277;null
保元显通汽车租赁有限公司;江北城西大街25号平安财富中心A座1006;29.5721;106.5691;null;null
私户网约出租车;奥体五支路11号;29.5238;106.5091;15215172417;null
一嗨租车(大学城熙街A送车点);景和路;29.6028;106.3031;023-65737033;null
一嗨租车(重庆理工大学送车点);红光大道67号(重庆交运加油加气站);29.4574;106.5309;023-66487604;null
一嗨租车(万达希尔顿酒店送车点);北滨大道二段1001号;30.8137;108.3833;023-58122859;null
一嗨租车(大石坝店);红原路92号附11号;29.5673;106.5002;023-63276280;null
一嗨租车(九公里轻轨站送车点);轨道3号线九公里站3号出口旁;29.4584;106.5588;023-66487604;null
捷鹏租车(巴南万达店);巴南万达金街附2号2-21;29.397;106.545;023-62565588;null
神州租车(大足宏声广场店);一环北路东段7号;29.7031;105.7226;023-43778688;null
别致汽车租赁;金光大道与金山大道交叉口东200米;29.1455;107.1081;023-71458458;13983330168
泓峰汽车租赁质押;金佛大道30号附19号;29.1512;107.0989;null;null
租车;隆西大道360号附近;29.3805;106.0124;null;null
重庆祥元汽车租赁有限公司;杨正街43号附246号2楼;29.5051;106.5181;null;null
固泰汽车租赁经营部;杏花路102号;30.9309;108.6956;023-55336669;13996553553
枫叶汽车租赁有限公司（重庆分店）;3号线广场1层附11号;29.5993;106.5496;18680837386;null
一嗨租车(重庆奥体中心店);奥体五支路41号;29.5235;106.5085;023-68627015;null
致途汽车租赁有限公司镇街服务点;五兴街和兴隆街的交叉口附近;29.1843;105.842;null;null
致途汽车租赁有限公司镇街服务点;合兴街632号附近;29.1305;105.8715;null;null
秀山县飞渝汽车租赁服务有限公司;桂林路与花灯街交叉口西50米;28.4445;109.0014;null;null
运福汽车租赁有限公司潼南分公司;巴渝大道507号附近;30.1933;105.8316;null;null
星宝租车;金佛大道与金光大道交叉口东150米;29.1468;107.1123;15825967887;13996888825
包记汽车租赁公司(晏家提车点);育才路11号附46号附近;29.8323;107.0054;13627650211;18680853527
重庆交运汽车租赁有限公司江北办事处;红石路309附近;29.5721;106.4971;null;null
永骏汽车租赁有限公司黔江分公司;新华大道西段419号附近;29.5274;108.761;null;null
一嗨租车(重庆大学城店);大学城中路34号S1幢1-15;29.6026;106.3091;4008886608;null
江津市德感汽车修理厂;海螺路东50米;29.2775;106.2326;null;null
国信租车;双桂大道东50米;30.6566;107.7791;15320602251;15320402351
皇家租车;汉丰街道九龙社区人民路2082号;31.1763;108.4061;18696859994;null
盼达用车(宗申金蓝湾);巴滨路宗申金蓝湾销售中心前;29.4638;106.5029;null;null
城口县诚勤汽车租赁有限公司;北大街禹田花园3-1-2;31.9496;108.6638;13983549235;null
重庆市鼎犇汽车租赁有限公司;洞塘居委2组;29.5229;108.7438;null;null
重庆市凯迪汽车租赁有限公司;安庆路109号;30.76;108.4403;18166378518;null
一嗨租车(巴国城店);火炬大道13号6栋附10号A;29.5038;106.4781;023-68033495;null
一嗨租车(万州火车站送车点);站前路122号;30.7565;108.401;023-58122859;null
建国租车行;null;30.3181;107.3389;18716808999;13628267806
重庆六六顺汽车租赁有限公司;太白路262号;30.8037;108.382;023-58247388;null
重庆金永汽车租赁有限公司;渝南大道118-158号附近;29.4409;106.5508;null;null
一嗨租车(沙坪坝店);沙正街19号附28号;29.5636;106.4602;023-65803580;null
丰都县鑫运汽车租赁行;滨江东路21号附2号;29.8722;107.7346;15025687591;null
一嗨租车（聚信美家居便捷点）;金开大道1222号聚信美家居1号店;29.6708;106.5619;18883365499;null
尊荣租车;黄龙路28号4栋5-11号;29.5897;106.54;023-67535309;023-67539619
大方租车(西站店);华岩一村88号附39号(8);29.4958;106.4408;023-67366337;023-67832234
神州租车(金科廊桥水乡送车点);纵五路金科廊桥水乡公交站对面;29.5831;106.2915;null;null
重庆的卢逍客汽车租赁有限公司;渝航路三巷15号附近;29.7208;106.6321;18008212999;null
重庆捷翔汽车租赁有限公司;太极大道3号1-4;29.6936;107.3996;13220299599;null
神州租车(金源路东方家园送车点);金源路东方家园公交站(近重客隆超市);29.565;106.5299;null;null
盼达用车(启迪协信星澜汇);启迪协信星澜汇营销中心门前广场;29.3688;106.533;023-86064346;null
重庆康淋汽车租赁有限公司;南天湖东路与沙湾路交叉口东200米;29.8679;107.743;null;null
重庆揽福汽车租赁有限公司;桃源西一路附近;29.8536;107.0786;null;null
一嗨租车(长寿天宫睿城店);桃源西二路796号;29.8645;107.0733;023-40888584;null
合州租车(同合花园西南);铜合路49号附近;29.9672;106.2568;023-42742622;null
重庆永骏汽车租赁有限公司;潼南区朝阳路;30.1937;105.8464;18083029080;null
大足兴旺汽车租赁有限公司;建新路1号附近;29.4858;105.764;null;null
喜相逢·以租代购;金渝大道83号附26号;29.6476;106.5665;13115901102;13387037014
荣昌旺达汽车租赁有限公司;昌元街道宝城支路36号;29.4017;105.5867;15111800530;null
南坪卡思租车(南坪万达分店);江南大道8号-1号;29.5261;106.5691;null;null
瑞德汽车租赁有限责任公司;城厢镇春申大道555号水韵酒店一号门市;31.3947;109.5595;023-51227888;null
盼达用车(宗申青年国际);花溪轻轨站宗申青年国际商业街露天停车场内;29.4308;106.5512;null;null
重庆六歌网约车垫江分公司;文毕大道锦荣小区;30.2994;107.3651;null;null
一嗨租车(大川壹江城送车点);宏帆路61号附近;29.5865;106.4673;023-63276280;null
重庆倍优汽车租赁有限公司;梁山路246号附近;30.6642;107.7926;null;null
重庆江北国际机场T2租还车点;T2航站楼对面;29.7191;106.6357;null;null
一嗨租车(万州长江之星店);玉龙路608号;30.7982;108.405;023-58122859;null
一嗨租车(龙都广场送车点);金港路四季花城西门处;30.7689;108.4089;023-58122859;null
先建租车(盛景路);兰馨大道12附92号附近;29.7038;106.6091;023-62787585;null
重庆地东汽车租赁有限公司;江南大道59号附近;30.8179;108.4191;null;null
开县真杰汽车租赁有限公司;月潭街221附近;31.1701;108.3941;null;null
安程租车;武陵北路47附近;28.4495;109.0136;18908277083;null
卡尔菲租车;龙都街道火车站厦门大道210号;30.759;108.4046;15683511918;null
零距离汽车租赁公司;环城路67号西70米;31.3909;109.6258;null;null
恒辉租车;高唐街道广东东路478号;31.0833;109.8841;null;null
重庆隆泊汽车租赁有限公司;鱼嘴西路64号附34号;29.6215;106.7614;null;null
重庆快安汽车租赁有限公司;江南大道35号山河大厦138号;29.5238;106.5728;023-62927999;null
重庆太洋汽车租赁服务有限公司;九坑子大坪康德国际SOCO写字楼28-8;29.543;106.5176;023-63301916;18983741701
汽车租赁;渝西大道西段162号;29.3515;105.8862;null;null
重庆甲克虫租车;红石路5号16-15;29.5829;106.5248;023-86875430;null
九州出租车驾驶员俱乐部;锦龙路39附近;29.4995;106.5039;null;null
众鼎租车(红黄路);红五路208号(流星花园车站旁);29.5852;106.5446;023-66662286;null
铄灵汽车租赁李家沱分公司;马王坪正街22号附1一26;29.467;106.5368;023-68839080;null
江北辰怡租车(租车公司);洋河二路鑫显招待所南侧;29.5835;106.5307;18680897077;null
一嗨汽车租赁(T3航站楼);渝航大道T3航站楼2F层;29.7092;106.6553;null;null
千行汽车租赁(化龙路);化龙东街与化龙南街交叉口西南50米;29.3783;106.5215;null;null
百安租车网约车保险代理;和平路207号附近;29.5537;106.5685;null;null
一嗨ehi(重庆奥体中心店);奥体五支路与长江二路交叉口西北150米;29.5235;106.5085;null;null
神州租车重庆西站服务点;null;29.5054;106.4377;15683201142;null
百盈汽车租赁;红光大道25号附15号;29.4522;106.5475;18983042826;null
慢慢开租车(重庆北站店);东湖南路6号云都商务酒店旁;29.6025;106.5429;17725063555;null
客顺汽车租赁;双龙西路与飞湖路交叉口东50米;29.7042;106.6185;023-67812353;13996281508
重庆鼎捷汽车经纪有限公司;正舟路北段17777号四季花城门口下行50米;29.5201;108.8231;null;null
鑫达租车(秀山五岳广场店);中和街道白沙大道中段3号南区1栋一层二单元S194;28.4468;109.0096;18325233886;null
重庆良玉小车租赁有限公司;万寿大道108附近;29.9905;108.116;13908273835;null
重庆市博亘汽车租赁有限公司;宝华大道15-11号附11号;29.599;106.5532;13212312333;null
神州租车(解放碑八一广场客户自助店);八一路238号八一广场停车库负二楼;29.5551;106.5765;null;null
重庆佳多益汽车租赁有限公司(隆昌街);隆昌街东50米;29.6977;106.6258;null;null
一嗨租车(花溪轻轨站送车点);渝南大道127附近;29.4326;106.551;023-66487604;null
重庆市黔江区开吉汽车租赁有限公司;城东街道河滨东路北段67号;29.5351;108.7789;023-79233445;null
宏创普惠网约车(汽博分公司);金渝大道89号线外城市花园12栋13-2;29.6427;106.57;13370757418;null
首汽瑞卡租车(奥园康城送车点);大黄路黄家码头旁(奥园康城A区);29.5298;106.525;null;null
一嗨租车(大江南大道送车点);大江南大道送车点;29.3874;106.5059;023-66487604;null
一嗨租车(颜龙山水城送车点);龙洲湾新区龙洲大道6号;29.3837;106.5363;023-66487604;null
神州租车(职教中心停车网点);兰馨大道与宝桐路交叉口西南200米;29.6919;106.5998;null;null
春来汽车租赁(中兴东路店);东城街道办事处中兴东路163号;29.8371;106.063;023-45686129;null
重庆长运集团汽车租赁分公司两江新区办事处;兴科五路12号附39号;29.6825;106.5939;null;null
重庆市智兴汽车租赁有限公司;鱼胡路地铁站北100米;29.3784;106.5391;null;null
一嗨租车(金竹轻轨站送车点);金竹轻轨站2号口;29.3753;106.5238;023-66487604;null
腾达租车;汉丰街道凤凰社区滨湖中路757号;31.176;108.3943;023-85936222;null
中御租车&婚车之家(万州店);科龙路88号友豪万商城32幢1-29;30.7622;108.3992;18723264022;null
盼达用车(两江实验幼儿园);兴科一路265附7号;29.6843;106.6032;null;null
司机之家驿站租赁;龙腾大道科园4路口朝田村188号;29.5239;106.4922;null;null
大方租车(合川客运中心店);濮岩路7号;30.0066;106.267;023-42813205;null
盼达用车(国家电网客服中心);五红支路国家电网客服中心内;29.5864;106.5583;null;null
乐泰汽车租赁有限公司;桃花大道2号附3号33西门路口下来;29.8367;107.076;13883859292;null
一嗨租车（石桥广场便捷点）;华轩路18号至20号(石桥广场停车场);29.5366;106.4922;023-68037768;null
重庆净海汽车租赁有限公司;云枣路2号;29.6898;106.5943;null;null
重庆耀阳汽车租赁有限公司;凯歌三支路17号附近;29.695;106.6095;null;null
首汽租车(渝航商场送车点);机场路170号;29.7201;106.6263;null;null
重庆缘梦汽车租赁有限公司;芳菲路199号附近;29.6303;106.7021;null;null
首汽租车;桃源南一路与桃源大道交叉口东北100米;29.8553;107.0845;null;null
大喇叭汽车租赁有限公司;G319(厦成线)协信广场六楼B区;29.8465;107.0841;023-40242333;null
重庆嘉龙汽车租赁有限公司;民兴路18-附8号附近;29.2836;106.5672;null;null
荣亿汽车租赁;一环南路西段与南门巷交叉口西南50米;29.695;105.7105;023-43792148;18183030148
神州租车(圣悦新都停车网点);西郊路34号圣悦新都小区露天停车场;29.499;106.5062;023-86378929;null
凯迪汽车租赁公司;百安大道;30.7608;108.447;023-58541517;023-58541417
神州租车(南坪万达艾美酒店送车点);江南大道10号万达艾美酒店大堂门口;29.5242;106.5708;023-62753912;null
重庆博行汽车租赁有限公司;太极大道76号附近;29.6998;107.377;null;null
盼达用车(典雅戴斯酒店);渝南大道70号典雅戴斯酒店;29.4613;106.5607;null;null
挖机租赁;湖津路68-101号附近;29.6577;106.5582;null;null
重庆润典汽车租赁有限公司;红锦大道57号嘉州协信中心B栋617;29.5894;106.5241;023-81304031;null
一嗨租车(万州汽车南站送车点);安顺路1号;30.7658;108.4425;023-58122859;null
神州租车(重庆大学送车点);沙北街同创小区;29.5705;106.4617;null;null
盼达用车(电力科学研究院);黄山大道中段电力科学研究院内;29.6162;106.4825;null;null
鼎炫租车(红河大道);昌州大道东段561号;29.3613;105.9258;18716767645;17784333222
鼎炫租车(汇龙大道店);汇龙大道580号;29.352;105.9245;18584531696;023-49333319
重庆乐游汽车租赁有限公司;仙桃街道红叶路1号雾都宾馆太阳城付楼2号;29.6039;106.5304;null;null
宏达租车;南津街街道江城大道378号;29.9727;106.279;023-42731133;18983168111
致远租车;上什字西路107号;29.9765;106.2627;null;null
重庆明途汽车租赁有限公司;新南路184号22-16;29.6027;106.4959;023-67452888;null
千德租车;金港路23号附近;30.7695;108.4089;null;null
旺宏顺汽车租赁办公室;高笋塘路18号附近;29.7015;107.399;null;null
盼达用车(黄茅坪金山站);金山大道668号力帆发动机进门左侧;29.6817;106.5386;null;null
富磊汽车租赁;百安大道104附近;30.7577;108.4373;null;null
酉阳县欢乐汽车租赁有限公司;何家坝路14附近;28.8233;108.7728;023-75769555;023-75769333
安责存租车;西园路65号;29.2782;106.2551;023-47519036;18883290383
港九大众租赁行;万安街道城南花园大门右边第四个门面;29.9847;108.109;null;null
通达汽车租赁有限公司;红庙路2号;29.9903;108.1117;023-73379118;null
重庆有诺车友俱乐部有限公司;光明路69号;29.5334;108.785;null;null
重庆富荔源商贸有限公司;汉渝路18附14号;29.5578;106.4675;023-65335899;13658361188
盼达用车(金兰路停车场);凯歌三支路金兰路公共停车场;29.6953;106.6051;null;null
盼达用车(西永交通枢纽站);西永交通枢纽站内;29.6122;106.3834;null;null
瑞卡;龙山路6附近;29.5907;106.5031;null;null
神州租车(永川金港明珠店);人民西路588号;29.3599;105.9228;023-49822260;4006166666
盼达用车(力帆足球俱乐部);洋河四路力帆足球俱乐部旁停车场;29.5842;106.5338;null;null
顺昌租车;桃花源大道南路与武鞍路交叉口西150米;28.8271;108.771;13709484186;null
一嗨租车(南坪六公里店);学府大道51号附40号;29.5003;106.5738;4008886608;null
康庄汽车租赁公司;兴民路1号附7号;29.8328;107.0684;023-64095100;18996080577
上下汽车租赁;青羊宫路与高笋塘后街交叉口东50米;30.81;108.3741;13594708555;null
一嗨租车(石桥广场送车点);渝州路59号;29.535;106.492;023-68037768;null
重庆鹏腾汽车租赁有限公司;红枫路9号2号;29.606;106.5356;null;null
神州租车(小龙坎东原ARC广场客户自助店);小龙坎正街88号东原ARC中央广场旁石碾盘社会停车场内;29.5512;106.4598;15683049319;null
一嗨租车(重庆北站便捷点);重庆渝北区庐山大道;29.6129;106.5481;023-63067217;null
重庆市长茂出租汽车有限责任公司;花卉园西一路18号;29.5816;106.5102;null;null
重庆运福汽车租赁公司;昌龙大道340-2-1号附近;29.4132;105.6169;null;null
瑞纳租车;昌州大道中段与滨河东路交叉口西50米;29.4021;105.604;18202337155;18983848881
神驹租车;光电路26号附42号;29.5204;106.5431;023-62885988;15870444999
巨酉租车行;桃花源南路124号附近;28.8276;108.771;null;null
包记租车;桃源大道6号附69号2层;29.8565;107.0848;023-40237772;null
润厚租车(长寿古镇店);菩提街道桃源西四路1号51幢1-9;29.8542;107.068;023-40660888;18182355000
鹏达租车;开州区滨湖中路737附近;31.1762;108.3942;null;null
凯安汽车租赁;桃花源镇酉兴路39号;28.8589;108.7692;null;null
时驷驱租车;酉兴路38号附近;28.8588;108.7692;null;null
平安汽车租赁(云阳店);双江镇大雁路545号;30.9335;108.6895;023-55999910;null
创州汽车租赁;九龙路422附近;31.176;108.3967;null;null
顺心租车;桃花源大道南路373号附近;28.8242;108.7752;null;null
隆众汽车租赁;滨湖西路269附近;31.1655;108.3745;null;null
大方租车;棉花地小区A栋;30.8231;108.3828;null;null
豪义汽车租赁;花鼓园路49附近;29.5379;108.7819;null;null
跃飞汽车;城墙路271号附近;29.53;108.7892;null;null
欣新房车;江南新区南滨路滨江一号B区;30.8036;108.3996;null;null
鸿运租赁;天城大道220号附近;30.8268;108.3753;null;null
繁欣汽车租赁;沙龙路3段238号附近;30.7771;108.3905;null;null
汽车租赁;静园路899附近;30.8005;108.384;null;null
旭途汽车租赁;null;29.5045;108.8149;null;null
毛豆新车网(奉节店);亿丰汽贸城6-112号;31.0245;109.4289;null;null
宏远租车;开州区百成街54号附近;31.1658;108.4065;null;null
旗静汽车租赁;中和街道230号松柏骨科医院对面;28.4544;109.002;null;null
王氏汽车租赁有限公司;迎凤路230号西南80米;28.4537;109.0015;null;null
林军汽车租赁;迎凤路277号南90米;28.4621;109.0031;null;null
川安汽车租赁;南城大道245-10号;29.5251;106.5572;null;null
启顺租车(外贸路);外贸路西50米;30.7677;108.3994;null;null
启顺汽车租赁;安顺路172号附近;30.7634;108.4454;18723557603;13628418499
重庆守询商贸有限公司;鱼洞都汇里B栋16-8号;29.3805;106.5272;023-81217118;null
重庆优翔汽车租赁有限公司;亚太路9号附81号玖玺写字楼6栋17-10号;29.5358;106.5596;15523456270;13996081110
达的租车;塘坊大道与高铁立交交叉口西北150米附近;30.8616;108.3745;null;null
津航顺汽车租赁有限公司;兴龙大道附近;29.3277;105.94;null;null
重庆市永川建星汽车租赁;汇龙大道7号-附1号附近;29.3604;105.9182;null;null
换补胎租车;108省道北50米;29.3518;105.9438;null;null
威通汽车租赁;巴县大道109号附12-13号;29.3854;106.511;023-66236099;null
一嗨租车(袁家岗轻轨站送车点);五洲女子医院门口;29.5277;106.514;023-68627015;null
首信网约车;界石镇富城路88号附41号;29.3874;106.6029;null;null
神州租车(消防队送车点);兴华中路63号附1号(消防队公交车站旁);29.7044;107.386;null;null
重庆四海汽车租赁有限公司;凤天大道146号附6号;29.526;106.4485;null;null
重庆交运网约车租赁公司;潼南区民业街56号西北60米;30.187;105.8475;null;null
巴南亿成租车公司;箭河路鱼洞金竹轻轨站3号出口;29.3757;106.5233;null;null
红韵汽车租赁;鱼轻路32附近;29.38;106.5172;023-66294677;15223381156
重庆骏霸汽车租赁有限公司;丹回路10号2单元;29.5082;106.5516;null;null
神州租车(嘉和康桥永辉超市送车点);陈家桥镇怡鑫花园B区平街永辉超市旁;29.6213;106.3378;null;null
彭水县烎赟商贸有限公司;民族路109号附近;29.2957;108.1655;null;null
驰恒汽车租赁有限公司;谭家湾路59附近;29.5332;108.781;null;null
宏展租车;芙蓉西路102号附近;29.3284;107.7403;18996776669;13896541093
汽车出租;河滨南路东段238附近;29.5202;108.7936;null;null
万运租车;天城大道916号附近;30.8458;108.3711;023-58126678;18323721678
航福汽车租赁;东圣街727号;30.1711;105.8404;null;null
云松汽车租赁;新华大道西段136号附近;29.5282;108.7632;null;null
腾迈汽车租赁;迎宾大道西200米;29.5276;108.757;null;null
天天快乐租车公司;集体社区4组流泊水前60米;30.3506;107.3433;18996766888;null
天天租车;开州区杨柳路347南60米;31.167;108.4073;null;null
夔意租车;夔州东路;31.0237;109.4831;023-56655557;null
中远大昌汽车租赁(重庆分公司);建新南路18号;29.5663;106.537;null;null
重庆谦聚汽车租赁有限公司;马镇坝新城幼儿园楼下;31.3951;109.5669;13220225333;null
旅行者汽车租赁;城北隧道;29.3034;108.1705;null;null
玖玖约车;丝绸路;29.9941;108.1209;null;null
锦诚汽车租赁;州屏中路34附近;30.2944;108.0333;null;null
一嗨租车（合川站便捷点）;高阳路313号;29.9604;106.2777;15111973462;null
顺顺汽车租赁有限公司;人民西路190-65号附近;30.6733;107.7914;15084410723;null
优捷汽车租赁;黔龙街41号附近;29.5262;108.7766;null;null
安周汽车租赁有限公司;城西六路99号附近;29.5306;108.7688;null;null
速顺租车;安康街274号附近;31.174;108.396;null;null
轮挖出租(韦坤江);东城街道办事处东金华社区4组6号;29.1431;107.1445;15123660232;null
隆众租赁;南山中路与南山中路二街交叉口东50米;31.1604;108.3986;null;null
鑫磊租车;静园路1225号滨江名都B栋2号;30.8001;108.3863;13320315566;null
雄鹰汽车租赁;北山大道190号附近;30.8217;108.3894;null;null
宜信汽车租赁;塘坊路37号附近;30.9187;108.7258;null;null
汽车租赁;null;29.2436;107.2863;null;null
捷驰租车;乌宝路8号附4号;29.6939;107.3932;null;null
鑫鹏租车;月潭街与月潭街北六路交叉口东50米;31.1705;108.3938;null;null
前华租车;安康街与月潭街北九路交叉口东50米;31.1741;108.3957;null;null
汽车租赁;北城大道和香山路的交叉口附近;30.9419;108.7049;null;null
专业洗车;迎凤路230号西南80米;28.4537;109.0015;null;null
富吉旅游包车婚庆租车;昌州大道中段354附近;29.4002;105.5976;null;null
汽车租赁;迎凤路353附近;28.4699;109.005;null;null
乐泰租车;云台路36附近;30.1353;107.2092;null;null
汽车租赁会所;滨江大道10附近;29.7106;107.3974;null;null
福临租车;广场路131附近;29.7018;107.3935;null;null
宏博汽车租赁;宝城路与昌州大道中段交叉口北50米;29.4009;105.5852;023-46763168;18983139028
久久通汽车租赁;石城路与福建大街交叉口西100米;30.8395;108.3676;null;null
夔勤租车;滨江大道北100米;31.0189;109.3997;null;null
汽车出租;长征北路81号附近;29.5297;108.7828;null;null
小强车行;中南路676号鸿星幼儿园正对面;29.8269;106.0667;null;null
顺利驰汽车租赁;荣滨北路西段;29.4087;105.5826;15086734905;null
天天快乐汽车租赁行;书院街与北街交叉口东50米;30.3333;107.3547;null;null
重庆百事得汽车租赁有限公司;兴科三路与海福路交叉口西北50米;29.681;106.599;null;null
一点租车(江北金源时代广场店);北滨路296附近;29.557;106.525;null;null
顺利汽车租赁;朝阳路38号附近;29.8673;107.0823;null;null
广汽租赁(永川佳沃店);兴龙大道;29.3563;105.9426;null;null
路途租车;长寿路7号东北70米;29.8359;107.076;null;null
吊车出租;一环路附近;29.3414;105.8673;null;null
渝彭汽租;石嘴街30附近;29.2967;108.1673;null;null
滴滴出行;石嘴街46号附近;29.2967;108.1673;null;null
友联出租;武陵路189号;29.5862;106.5193;null;null
起点汽车租赁公司;北门街123号附近;29.2964;108.1653;null;null
别致租车(凯撒分店);金山大道31附近;29.1528;107.0851;null;null
双桥驾校20分校;龙水镇龙古路208号;29.5559;105.7655;null;null
陆远汽车租赁;火车站大道32附近;29.1461;107.1059;null;null
壹客行汽车租赁;何家坝路375附近;28.808;108.7819;null;null
欣欣汽车租赁公司;广场环路12号-附22号西80米;29.7042;107.3932;null;null
荣亿汽车租赁;龙水汽车站红绿灯旁龙水路;29.555;105.7644;18883588891;null
君芝莱汽车租赁;忠州街道红星路36号附34号;30.3089;108.0477;null;null
